<DATE>	<TIME>	<OPEN>	<HIGH>	<LOW>	<CLOSE>	<TICKVOL>	<VOL>	<SPREAD>
2019.07.01	00:00:00	1.13670	1.13707	1.13585	1.13597	4202	0	8
2019.07.01	03:00:00	1.13597	1.13636	1.13476	1.13517	5060	0	8
2019.07.01	06:00:00	1.13518	1.13530	1.13213	1.13281	4461	0	4
2019.07.01	09:00:00	1.13281	1.13329	1.13161	1.13303	12196	0	8
2019.07.01	12:00:00	1.13302	1.13597	1.13205	1.13473	10110	0	8
2019.07.01	15:00:00	1.13474	1.13558	1.13208	1.13239	12067	0	5
2019.07.01	18:00:00	1.13239	1.13248	1.12806	1.12829	8962	0	8
2019.07.01	21:00:00	1.12829	1.12887	1.12818	1.12851	3381	0	2
2019.07.02	00:00:00	1.12850	1.12891	1.12798	1.12864	2336	0	5
2019.07.02	03:00:00	1.12864	1.12871	1.12748	1.12794	2959	0	5
2019.07.02	06:00:00	1.12794	1.12915	1.12775	1.12906	2645	0	5
2019.07.02	09:00:00	1.12906	1.12992	1.12853	1.12932	8038	0	8
2019.07.02	12:00:00	1.12932	1.13212	1.12890	1.12958	9661	0	8
2019.07.02	15:00:00	1.12958	1.13027	1.12857	1.12942	8157	0	8
2019.07.02	18:00:00	1.12942	1.13116	1.12912	1.13008	8831	0	8
2019.07.02	21:00:00	1.13008	1.13008	1.12818	1.12857	4919	0	3
2019.07.03	00:00:00	1.12847	1.12918	1.12836	1.12900	2268	0	2
2019.07.03	03:00:00	1.12901	1.12948	1.12856	1.12914	3997	0	8
2019.07.03	06:00:00	1.12914	1.12930	1.12846	1.12891	2906	0	5
2019.07.03	09:00:00	1.12891	1.12894	1.12682	1.12880	9234	0	8
2019.07.03	12:00:00	1.12879	1.12995	1.12828	1.12907	7284	0	8
2019.07.03	15:00:00	1.12907	1.13111	1.12763	1.12807	15068	0	8
2019.07.03	18:00:00	1.12807	1.12844	1.12715	1.12785	6114	0	8
2019.07.03	21:00:00	1.12785	1.12805	1.12753	1.12774	1575	0	3
2019.07.04	00:00:00	1.12777	1.12879	1.12768	1.12869	1330	0	2
2019.07.04	03:00:00	1.12869	1.12947	1.12818	1.12832	2063	0	8
2019.07.04	06:00:00	1.12832	1.12868	1.12814	1.12834	1475	0	4
2019.07.04	09:00:00	1.12834	1.12895	1.12786	1.12794	4628	0	8
2019.07.04	12:00:00	1.12794	1.12897	1.12769	1.12861	4299	0	8
2019.07.04	15:00:00	1.12861	1.12883	1.12727	1.12813	3459	0	8
2019.07.04	18:00:00	1.12813	1.12844	1.12789	1.12821	1677	0	4
2019.07.04	21:00:00	1.12821	1.12853	1.12821	1.12847	951	0	3
2019.07.05	00:00:00	1.12837	1.12874	1.12821	1.12849	1110	0	3
2019.07.05	03:00:00	1.12849	1.12857	1.12774	1.12814	1704	0	3
2019.07.05	06:00:00	1.12814	1.12841	1.12775	1.12787	1623	0	4
2019.07.05	09:00:00	1.12788	1.12813	1.12609	1.12619	7020	0	8
2019.07.05	12:00:00	1.12619	1.12678	1.12554	1.12583	6191	0	8
2019.07.05	15:00:00	1.12583	1.12701	1.12070	1.12218	20204	0	8
2019.07.05	18:00:00	1.12218	1.12233	1.12076	1.12181	6716	0	8
2019.07.05	21:00:00	1.12181	1.12278	1.12171	1.12248	2897	0	6
2019.07.08	00:00:00	1.12240	1.12292	1.12236	1.12267	1641	0	2
2019.07.08	03:00:00	1.12267	1.12297	1.12196	1.12259	2711	0	2
2019.07.08	06:00:00	1.12260	1.12326	1.12250	1.12298	2048	0	2
2019.07.08	09:00:00	1.12297	1.12343	1.12194	1.12314	5526	0	2
2019.07.08	12:00:00	1.12313	1.12326	1.12132	1.12207	4278	0	2
2019.07.08	15:00:00	1.12207	1.12269	1.12095	1.12148	7452	0	2
2019.07.08	18:00:00	1.12148	1.12207	1.12069	1.12152	4327	0	2
2019.07.08	21:00:00	1.12152	1.12168	1.12082	1.12142	2656	0	1
2019.07.09	00:00:00	1.12141	1.12174	1.12132	1.12150	1473	0	2
2019.07.09	03:00:00	1.12150	1.12187	1.12096	1.12120	2032	0	2
2019.07.09	06:00:00	1.12120	1.12181	1.12106	1.12137	1564	0	2
2019.07.09	09:00:00	1.12138	1.12141	1.11961	1.11986	6447	0	2
2019.07.09	12:00:00	1.11986	1.12087	1.11932	1.12027	4553	0	2
2019.07.09	15:00:00	1.12027	1.12107	1.12004	1.12056	7286	0	2
2019.07.09	18:00:00	1.12056	1.12138	1.11998	1.12107	5284	0	2
2019.07.09	21:00:00	1.12107	1.12119	1.12032	1.12078	2220	0	2
2019.07.10	00:00:00	1.12076	1.12085	1.12040	1.12043	1439	0	2
2019.07.10	03:00:00	1.12042	1.12102	1.12018	1.12100	2168	0	2
2019.07.10	06:00:00	1.12100	1.12105	1.12060	1.12097	1465	0	2
2019.07.10	09:00:00	1.12097	1.12269	1.12034	1.12252	8394	0	2
2019.07.10	12:00:00	1.12252	1.12294	1.12121	1.12134	6971	0	2
2019.07.10	15:00:00	1.12134	1.12569	1.12127	1.12527	17795	0	2
2019.07.10	18:00:00	1.12526	1.12642	1.12427	1.12537	9495	0	2
2019.07.10	21:00:00	1.12538	1.12616	1.12499	1.12503	4071	0	2
2019.07.11	00:00:00	1.12503	1.12601	1.12498	1.12581	2718	0	2
2019.07.11	03:00:00	1.12582	1.12729	1.12580	1.12728	3615	0	2
2019.07.11	06:00:00	1.12728	1.12808	1.12695	1.12697	3240	0	2
2019.07.11	09:00:00	1.12697	1.12782	1.12667	1.12734	7654	0	2
2019.07.11	12:00:00	1.12735	1.12787	1.12640	1.12772	7199	0	2
2019.07.11	15:00:00	1.12772	1.12857	1.12507	1.12524	14986	0	2
2019.07.11	18:00:00	1.12525	1.12625	1.12451	1.12516	10071	0	2
2019.07.11	21:00:00	1.12515	1.12610	1.12513	1.12532	4795	0	1
2019.07.12	00:00:00	1.12532	1.12587	1.12495	1.12497	3443	0	3
2019.07.12	03:00:00	1.12498	1.12674	1.12493	1.12658	3018	0	2
2019.07.12	06:00:00	1.12658	1.12748	1.12640	1.12732	2597	0	2
2019.07.12	09:00:00	1.12733	1.12747	1.12614	1.12629	8652	0	2
2019.07.12	12:00:00	1.12629	1.12671	1.12460	1.12469	8833	0	2
2019.07.12	15:00:00	1.12469	1.12537	1.12383	1.12518	11164	0	2
2019.07.12	18:00:00	1.12517	1.12701	1.12496	1.12674	6770	0	2
2019.07.12	21:00:00	1.12674	1.12740	1.12665	1.12699	3414	0	2
2019.07.15	00:00:00	1.12654	1.12744	1.12645	1.12709	2948	0	2
2019.07.15	03:00:00	1.12709	1.12745	1.12642	1.12705	3815	0	2
2019.07.15	06:00:00	1.12705	1.12744	1.12640	1.12730	2609	0	2
2019.07.15	09:00:00	1.12730	1.12837	1.12695	1.12727	7568	0	2
2019.07.15	12:00:00	1.12727	1.12838	1.12613	1.12634	5235	0	2
2019.07.15	15:00:00	1.12634	1.12733	1.12559	1.12614	8024	0	2
2019.07.15	18:00:00	1.12615	1.12637	1.12531	1.12566	4092	0	2
2019.07.15	21:00:00	1.12566	1.12601	1.12559	1.12577	1894	0	2
2019.07.16	00:00:00	1.12574	1.12631	1.12573	1.12600	3478	0	2
2019.07.16	03:00:00	1.12600	1.12630	1.12552	1.12627	2792	0	2
2019.07.16	06:00:00	1.12627	1.12634	1.12577	1.12583	1453	0	2
2019.07.16	09:00:00	1.12585	1.12618	1.12358	1.12448	7562	0	2
2019.07.16	12:00:00	1.12448	1.12456	1.12175	1.12218	7056	0	2
2019.07.16	15:00:00	1.12218	1.12242	1.12074	1.12237	10969	0	2
2019.07.16	18:00:00	1.12238	1.12243	1.12028	1.12099	7523	0	2
2019.07.16	21:00:00	1.12099	1.12123	1.12018	1.12103	4206	0	1
2019.07.17	00:00:00	1.12102	1.12129	1.12092	1.12117	1597	0	2
2019.07.17	03:00:00	1.12117	1.12150	1.12068	1.12122	2717	0	2
2019.07.17	06:00:00	1.12122	1.12173	1.12097	1.12158	1558	0	2
2019.07.17	09:00:00	1.12158	1.12158	1.11997	1.12106	6885	0	2
2019.07.17	12:00:00	1.12106	1.12220	1.12105	1.12175	4789	0	2
2019.07.17	15:00:00	1.12175	1.12268	1.12095	1.12251	8034	0	2
2019.07.17	18:00:00	1.12251	1.12336	1.12226	1.12268	5354	0	2
2019.07.17	21:00:00	1.12268	1.12310	1.12190	1.12242	3203	0	2
2019.07.18	00:00:00	1.12237	1.12298	1.12232	1.12271	1678	0	3
2019.07.18	03:00:00	1.12272	1.12407	1.12255	1.12389	4015	0	2
2019.07.18	06:00:00	1.12389	1.12415	1.12359	1.12393	1989	0	2
2019.07.18	09:00:00	1.12393	1.12440	1.12337	1.12394	7968	0	2
2019.07.18	12:00:00	1.12394	1.12398	1.12051	1.12192	10361	0	2
2019.07.18	15:00:00	1.12192	1.12252	1.12120	1.12179	10985	0	2
2019.07.18	18:00:00	1.12179	1.12370	1.12152	1.12344	4990	0	2
2019.07.18	21:00:00	1.12344	1.12804	1.12332	1.12765	11327	0	2
2019.07.19	00:00:00	1.12766	1.12820	1.12400	1.12609	4974	0	2
2019.07.19	03:00:00	1.12609	1.12684	1.12588	1.12675	4715	0	2
2019.07.19	06:00:00	1.12675	1.12682	1.12547	1.12565	2554	0	2
2019.07.19	09:00:00	1.12565	1.12654	1.12502	1.12511	7694	0	2
2019.07.19	12:00:00	1.12511	1.12523	1.12305	1.12322	7339	0	2
2019.07.19	15:00:00	1.12320	1.12387	1.12171	1.12217	10299	0	2
2019.07.19	18:00:00	1.12217	1.12297	1.12143	1.12240	8027	0	2
2019.07.19	21:00:00	1.12240	1.12250	1.12033	1.12194	7772	0	1
2019.07.22	00:00:00	1.12140	1.12193	1.12140	1.12175	2119	0	2
2019.07.22	03:00:00	1.12175	1.12200	1.12075	1.12175	4653	0	2
2019.07.22	06:00:00	1.12175	1.12209	1.12143	1.12183	2333	0	2
2019.07.22	09:00:00	1.12183	1.12239	1.12118	1.12172	7554	0	2
2019.07.22	12:00:00	1.12172	1.12245	1.12069	1.12082	5728	0	2
2019.07.22	15:00:00	1.12082	1.12252	1.12070	1.12220	7802	0	2
2019.07.22	18:00:00	1.12219	1.12240	1.12119	1.12183	4432	0	2
2019.07.22	21:00:00	1.12186	1.12187	1.12062	1.12094	3521	0	2
2019.07.23	00:00:00	1.12093	1.12096	1.12037	1.12041	1575	0	2
2019.07.23	03:00:00	1.12041	1.12079	1.11941	1.11991	3676	0	2
2019.07.23	06:00:00	1.11991	1.12001	1.11888	1.11892	2651	0	2
2019.07.23	09:00:00	1.11893	1.11959	1.11807	1.11829	6515	0	2
2019.07.23	12:00:00	1.11829	1.11848	1.11718	1.11726	5242	0	2
2019.07.23	15:00:00	1.11726	1.11752	1.11485	1.11485	7872	0	2
2019.07.23	18:00:00	1.11482	1.11580	1.11475	1.11535	5145	0	2
2019.07.23	21:00:00	1.11535	1.11539	1.11458	1.11517	3515	0	2
2019.07.24	00:00:00	1.11516	1.11548	1.11495	1.11507	1560	0	2
2019.07.24	03:00:00	1.11507	1.11520	1.11431	1.11452	3123	0	2
2019.07.24	06:00:00	1.11452	1.11477	1.11409	1.11474	1450	0	2
2019.07.24	09:00:00	1.11474	1.11555	1.11269	1.11384	9159	0	2
2019.07.24	12:00:00	1.11384	1.11551	1.11355	1.11410	6340	0	2
2019.07.24	15:00:00	1.11409	1.11557	1.11391	1.11422	7600	0	2
2019.07.24	18:00:00	1.11426	1.11506	1.11390	1.11406	4749	0	2
2019.07.24	21:00:00	1.11406	1.11407	1.11329	1.11399	2667	0	2
2019.07.25	00:00:00	1.11400	1.11435	1.11391	1.11419	1993	0	2
2019.07.25	03:00:00	1.11419	1.11420	1.11335	1.11355	3009	0	2
2019.07.25	06:00:00	1.11355	1.11364	1.11328	1.11354	1594	0	2
2019.07.25	09:00:00	1.11355	1.11371	1.11220	1.11291	4660	0	2
2019.07.25	12:00:00	1.11291	1.11614	1.11130	1.11143	8632	0	2
2019.07.25	15:00:00	1.11143	1.11877	1.11013	1.11600	24302	0	2
2019.07.25	18:00:00	1.11599	1.11613	1.11262	1.11448	8958	0	2
2019.07.25	21:00:00	1.11449	1.11508	1.11430	1.11467	4090	0	2
2019.07.26	00:00:00	1.11464	1.11485	1.11446	1.11447	1227	0	2
2019.07.26	03:00:00	1.11447	1.11501	1.11422	1.11483	2902	0	2
2019.07.26	06:00:00	1.11483	1.11509	1.11435	1.11455	1563	0	2
2019.07.26	09:00:00	1.11452	1.11470	1.11320	1.11357	5860	0	2
2019.07.26	12:00:00	1.11357	1.11472	1.11300	1.11348	3743	0	2
2019.07.26	15:00:00	1.11348	1.11442	1.11161	1.11267	11468	0	2
2019.07.26	18:00:00	1.11267	1.11272	1.11118	1.11244	6488	0	2
2019.07.26	21:00:00	1.11244	1.11325	1.11236	1.11270	2985	0	2
2019.07.29	00:00:00	1.11253	1.11325	1.11219	1.11294	1117	0	2
2019.07.29	03:00:00	1.11294	1.11387	1.11286	1.11319	2228	0	2
2019.07.29	06:00:00	1.11319	1.11322	1.11257	1.11273	1494	0	2
2019.07.29	09:00:00	1.11273	1.11274	1.11169	1.11232	4050	0	2
2019.07.29	12:00:00	1.11232	1.11284	1.11138	1.11189	4299	0	2
2019.07.29	15:00:00	1.11188	1.11386	1.11129	1.11319	8065	0	2
2019.07.29	18:00:00	1.11319	1.11435	1.11281	1.11420	5132	0	2
2019.07.29	21:00:00	1.11419	1.11509	1.11396	1.11443	3343	0	2
2019.07.30	00:00:00	1.11443	1.11471	1.11421	1.11423	1791	0	2
2019.07.30	03:00:00	1.11424	1.11441	1.11334	1.11420	3666	0	2
2019.07.30	06:00:00	1.11420	1.11442	1.11329	1.11329	3313	0	2
2019.07.30	09:00:00	1.11329	1.11493	1.11321	1.11467	7704	0	2
2019.07.30	12:00:00	1.11467	1.11531	1.11395	1.11509	5872	0	2
2019.07.30	15:00:00	1.11509	1.11597	1.11379	1.11380	9567	0	2
2019.07.30	18:00:00	1.11382	1.11554	1.11381	1.11530	5587	0	2
2019.07.30	21:00:00	1.11530	1.11609	1.11526	1.11545	3357	0	2
2019.07.31	00:00:00	1.11548	1.11584	1.11538	1.11568	2722	0	3
2019.07.31	03:00:00	1.11568	1.11590	1.11478	1.11530	3434	0	2
2019.07.31	06:00:00	1.11530	1.11578	1.11525	1.11568	1621	0	2
2019.07.31	09:00:00	1.11568	1.11620	1.11430	1.11441	6839	0	2
2019.07.31	12:00:00	1.11440	1.11512	1.11434	1.11501	4977	0	2
2019.07.31	15:00:00	1.11501	1.11527	1.11309	1.11337	11025	0	2
2019.07.31	18:00:00	1.11335	1.11381	1.11203	1.11365	9286	0	2
2019.07.31	21:00:00	1.11365	1.11387	1.10601	1.10749	26461	0	2
2019.08.01	00:00:00	1.10749	1.10815	1.10689	1.10714	3636	0	2
2019.08.01	03:00:00	1.10714	1.10718	1.10335	1.10493	9295	0	2
2019.08.01	06:00:00	1.10492	1.10537	1.10429	1.10515	3455	0	2
2019.08.01	09:00:00	1.10514	1.10527	1.10321	1.10471	9973	0	2
2019.08.01	12:00:00	1.10471	1.10502	1.10269	1.10342	9781	0	2
2019.08.01	15:00:00	1.10342	1.10622	1.10269	1.10578	15976	0	2
2019.08.01	18:00:00	1.10578	1.10957	1.10560	1.10827	18364	0	2
2019.08.01	21:00:00	1.10827	1.10943	1.10755	1.10847	17489	0	2
2019.08.02	00:00:00	1.10849	1.10851	1.10743	1.10789	4861	0	2
2019.08.02	03:00:00	1.10789	1.10965	1.10699	1.10751	13904	0	2
2019.08.02	06:00:00	1.10751	1.10841	1.10706	1.10795	5813	0	2
2019.08.02	09:00:00	1.10794	1.11150	1.10790	1.10959	16972	0	2
2019.08.02	12:00:00	1.10959	1.11068	1.10880	1.11035	9783	0	2
2019.08.02	15:00:00	1.11035	1.11074	1.10783	1.11026	24907	0	2
2019.08.02	18:00:00	1.11024	1.11163	1.10981	1.11064	10865	0	2
2019.08.02	21:00:00	1.11063	1.11133	1.11039	1.11050	7302	0	2
2019.08.05	00:00:00	1.11032	1.11138	1.11027	1.11077	3238	0	2
2019.08.05	03:00:00	1.11078	1.11325	1.11065	1.11223	14640	0	2
2019.08.05	06:00:00	1.11223	1.11319	1.11222	1.11255	5974	0	2
2019.08.05	09:00:00	1.11256	1.11475	1.11140	1.11467	12771	0	2
2019.08.05	12:00:00	1.11467	1.11805	1.11415	1.11796	11334	0	2
2019.08.05	15:00:00	1.11796	1.12000	1.11701	1.11852	13598	0	2
2019.08.05	18:00:00	1.11852	1.12131	1.11793	1.12042	14422	0	2
2019.08.05	21:00:00	1.12042	1.12071	1.11936	1.12033	8269	0	2
2019.08.06	00:00:00	1.12034	1.12450	1.11937	1.12419	7522	0	2
2019.08.06	03:00:00	1.12419	1.12495	1.12236	1.12279	11325	0	2
2019.08.06	06:00:00	1.12278	1.12289	1.11900	1.11968	9629	0	2
2019.08.06	09:00:00	1.11968	1.12185	1.11968	1.11990	14414	0	2
2019.08.06	12:00:00	1.11990	1.12052	1.11824	1.11846	7431	0	2
2019.08.06	15:00:00	1.11846	1.11878	1.11673	1.11824	12773	0	2
2019.08.06	18:00:00	1.11821	1.12057	1.11821	1.11944	11486	0	2
2019.08.06	21:00:00	1.11944	1.12065	1.11907	1.11980	7462	0	2
2019.08.07	00:00:00	1.11980	1.12057	1.11962	1.12054	2638	0	2
2019.08.07	03:00:00	1.12054	1.12195	1.12042	1.12094	10384	0	2
2019.08.07	06:00:00	1.12095	1.12169	1.12037	1.12062	5791	0	2
2019.08.07	09:00:00	1.12062	1.12073	1.11869	1.11908	9001	0	2
2019.08.07	12:00:00	1.11905	1.11999	1.11790	1.11981	8407	0	2
2019.08.07	15:00:00	1.11980	1.12407	1.11910	1.12158	23734	0	2
2019.08.07	18:00:00	1.12158	1.12419	1.12101	1.12166	20979	0	2
2019.08.07	21:00:00	1.12166	1.12225	1.11982	1.11982	12974	0	2
2019.08.08	00:00:00	1.11980	1.12067	1.11969	1.12040	9381	0	2
2019.08.08	03:00:00	1.12040	1.12136	1.12007	1.12099	8705	0	2
2019.08.08	06:00:00	1.12099	1.12129	1.12080	1.12120	3015	0	2
2019.08.08	09:00:00	1.12120	1.12277	1.12002	1.12145	8033	0	2
2019.08.08	12:00:00	1.12145	1.12204	1.11858	1.11879	7021	0	2
2019.08.08	15:00:00	1.11877	1.12327	1.11811	1.11997	19233	0	2
2019.08.08	18:00:00	1.11997	1.12197	1.11986	1.12001	11611	0	2
2019.08.08	21:00:00	1.12001	1.12047	1.11768	1.11801	7310	0	2
2019.08.09	00:00:00	1.11802	1.11931	1.11793	1.11860	2992	0	2
2019.08.09	03:00:00	1.11860	1.11971	1.11850	1.11962	4116	0	2
2019.08.09	06:00:00	1.11962	1.11978	1.11929	1.11964	1799	0	2
2019.08.09	09:00:00	1.11964	1.11980	1.11833	1.11940	6743	0	2
2019.08.09	12:00:00	1.11940	1.12079	1.11931	1.12032	6900	0	2
2019.08.09	15:00:00	1.12031	1.12045	1.11881	1.12008	11717	0	2
2019.08.09	18:00:00	1.12008	1.12229	1.11996	1.12040	13650	0	2
2019.08.09	21:00:00	1.12040	1.12076	1.11997	1.11998	5278	0	2
2019.08.12	00:00:00	1.11977	1.12080	1.11973	1.12073	2381	0	2
2019.08.12	03:00:00	1.12073	1.12097	1.12018	1.12079	4684	0	2
2019.08.12	06:00:00	1.12079	1.12111	1.12058	1.12108	2859	0	2
2019.08.12	09:00:00	1.12106	1.12106	1.11619	1.11757	12215	0	2
2019.08.12	12:00:00	1.11757	1.12000	1.11727	1.11885	10120	0	2
2019.08.12	15:00:00	1.11886	1.12206	1.11870	1.12180	10327	0	2
2019.08.12	18:00:00	1.12180	1.12306	1.12095	1.12139	8275	0	2
2019.08.12	21:00:00	1.12139	1.12234	1.12099	1.12131	5079	0	2
2019.08.13	00:00:00	1.12129	1.12198	1.12123	1.12161	5504	0	2
2019.08.13	03:00:00	1.12161	1.12165	1.11861	1.11911	5841	0	2
2019.08.13	06:00:00	1.11911	1.11945	1.11817	1.11931	4915	0	2
2019.08.13	09:00:00	1.11930	1.11984	1.11855	1.11916	9070	0	2
2019.08.13	12:00:00	1.11915	1.12214	1.11841	1.12146	7983	0	2
2019.08.13	15:00:00	1.12146	1.12286	1.11700	1.11875	25614	0	2
2019.08.13	18:00:00	1.11876	1.11947	1.11714	1.11754	11776	0	2
2019.08.13	21:00:00	1.11755	1.11783	1.11708	1.11709	4880	0	2
2019.08.14	00:00:00	1.11710	1.11770	1.11698	1.11764	4535	0	2
2019.08.14	03:00:00	1.11764	1.11797	1.11713	1.11754	6617	0	2
2019.08.14	06:00:00	1.11754	1.11773	1.11651	1.11664	4502	0	2
2019.08.14	09:00:00	1.11664	1.11852	1.11646	1.11763	8070	0	2
2019.08.14	12:00:00	1.11763	1.11893	1.11659	1.11835	11420	0	2
2019.08.14	15:00:00	1.11835	1.11907	1.11370	1.11487	17084	0	2
2019.08.14	18:00:00	1.11485	1.11520	1.11356	1.11414	10661	0	2
2019.08.14	21:00:00	1.11414	1.11443	1.11305	1.11377	8170	0	2
2019.08.15	00:00:00	1.11380	1.11451	1.11361	1.11427	6190	0	2
2019.08.15	03:00:00	1.11427	1.11471	1.11391	1.11415	5284	0	2
2019.08.15	06:00:00	1.11415	1.11518	1.11413	1.11484	3361	0	2
2019.08.15	09:00:00	1.11484	1.11537	1.11402	1.11482	13424	0	2
2019.08.15	12:00:00	1.11482	1.11584	1.11399	1.11509	16817	0	2
2019.08.15	15:00:00	1.11509	1.11545	1.10914	1.11072	24573	0	1
2019.08.15	18:00:00	1.11072	1.11189	1.10954	1.11132	9773	0	2
2019.08.15	21:00:00	1.11131	1.11144	1.11007	1.11065	8120	0	2
2019.08.16	00:00:00	1.11065	1.11121	1.11023	1.11103	11900	0	2
2019.08.16	03:00:00	1.11103	1.11113	1.10955	1.10996	3706	0	2
2019.08.16	06:00:00	1.10998	1.11048	1.10982	1.11044	2730	0	2
2019.08.16	09:00:00	1.11044	1.11063	1.10816	1.10841	8182	0	2
2019.08.16	12:00:00	1.10839	1.10865	1.10733	1.10805	8251	0	2
2019.08.16	15:00:00	1.10804	1.11068	1.10663	1.11054	13575	0	2
2019.08.16	18:00:00	1.11054	1.11054	1.10846	1.10972	7984	0	2
2019.08.16	21:00:00	1.10974	1.11031	1.10884	1.10893	3658	0	3
2019.08.19	00:00:00	1.10924	1.11011	1.10896	1.10920	6479	0	2
2019.08.19	03:00:00	1.10919	1.10939	1.10876	1.10928	2878	0	2
2019.08.19	06:00:00	1.10928	1.10943	1.10877	1.10909	1830	0	3
2019.08.19	09:00:00	1.10909	1.11101	1.10899	1.11023	8399	0	2
2019.08.19	12:00:00	1.11023	1.11137	1.10955	1.11028	8509	0	2
2019.08.19	15:00:00	1.11028	1.11049	1.10935	1.10950	5020	0	2
2019.08.19	18:00:00	1.10950	1.10984	1.10893	1.10898	3826	0	2
2019.08.19	21:00:00	1.10898	1.10902	1.10760	1.10778	3792	0	2
2019.08.20	00:00:00	1.10773	1.10837	1.10771	1.10815	3645	0	3
2019.08.20	03:00:00	1.10815	1.10878	1.10815	1.10870	4336	0	2
2019.08.20	06:00:00	1.10870	1.10885	1.10808	1.10844	2563	0	2
2019.08.20	09:00:00	1.10843	1.10867	1.10710	1.10781	7979	0	2
2019.08.20	12:00:00	1.10781	1.10845	1.10757	1.10785	7675	0	2
2019.08.20	15:00:00	1.10786	1.10938	1.10654	1.10892	11611	0	2
2019.08.20	18:00:00	1.10892	1.11067	1.10876	1.11052	6698	0	2
2019.08.20	21:00:00	1.11052	1.11065	1.10961	1.10998	4744	0	2
2019.08.21	00:00:00	1.10989	1.11032	1.10970	1.10971	14581	0	2
2019.08.21	03:00:00	1.10971	1.11052	1.10912	1.10989	3883	0	2
2019.08.21	06:00:00	1.10989	1.11011	1.10919	1.10961	1964	0	2
2019.08.21	09:00:00	1.10961	1.11058	1.10878	1.10977	6466	0	2
2019.08.21	12:00:00	1.10977	1.11070	1.10938	1.11027	5751	0	2
2019.08.21	15:00:00	1.11026	1.11053	1.10922	1.10927	6012	0	2
2019.08.21	18:00:00	1.10928	1.11044	1.10923	1.10940	5003	0	2
2019.08.21	21:00:00	1.10940	1.11050	1.10800	1.10845	7718	0	1
2019.08.22	00:00:00	1.10844	1.10921	1.10840	1.10902	2072	0	2
2019.08.22	03:00:00	1.10902	1.10904	1.10841	1.10879	2975	0	2
2019.08.22	06:00:00	1.10879	1.10898	1.10804	1.10812	2129	0	2
2019.08.22	09:00:00	1.10812	1.11131	1.10755	1.10986	12597	0	2
2019.08.22	12:00:00	1.10986	1.10993	1.10635	1.10804	11076	0	2
2019.08.22	15:00:00	1.10806	1.10988	1.10677	1.10797	12464	0	2
2019.08.22	18:00:00	1.10797	1.10899	1.10784	1.10823	5727	0	2
2019.08.22	21:00:00	1.10823	1.10894	1.10784	1.10799	3203	0	2
2019.08.23	00:00:00	1.10798	1.10857	1.10786	1.10836	7130	0	2
2019.08.23	03:00:00	1.10836	1.10854	1.10720	1.10737	4099	0	2
2019.08.23	06:00:00	1.10737	1.10743	1.10609	1.10680	3195	0	2
2019.08.23	09:00:00	1.10680	1.10740	1.10654	1.10675	6789	0	2
2019.08.23	12:00:00	1.10675	1.10685	1.10515	1.10569	7033	0	2
2019.08.23	15:00:00	1.10569	1.11146	1.10531	1.11095	19414	0	2
2019.08.23	18:00:00	1.11095	1.11476	1.11040	1.11397	21636	0	2
2019.08.23	21:00:00	1.11397	1.11531	1.11332	1.11386	9607	0	2
2019.08.26	00:00:00	1.11496	1.11639	1.11404	1.11434	7512	0	2
2019.08.26	03:00:00	1.11434	1.11481	1.11320	1.11394	13609	0	2
2019.08.26	06:00:00	1.11394	1.11470	1.11376	1.11434	11163	0	2
2019.08.26	09:00:00	1.11434	1.11528	1.11104	1.11146	22102	0	2
2019.08.26	12:00:00	1.11146	1.11242	1.11093	1.11160	14428	0	2
2019.08.26	15:00:00	1.11160	1.11242	1.11061	1.11137	18230	0	2
2019.08.26	18:00:00	1.11137	1.11163	1.10965	1.11045	13022	0	2
2019.08.26	21:00:00	1.11044	1.11072	1.10942	1.11018	6045	0	3
2019.08.27	00:00:00	1.11018	1.11046	1.10983	1.11014	4682	0	2
2019.08.27	03:00:00	1.11014	1.11072	1.11004	1.11050	8208	0	2
2019.08.27	06:00:00	1.11050	1.11050	1.10979	1.11023	3806	0	2
2019.08.27	09:00:00	1.11022	1.11158	1.10979	1.11131	14812	0	2
2019.08.27	12:00:00	1.11131	1.11152	1.11000	1.11012	11930	0	1
2019.08.27	15:00:00	1.11012	1.11096	1.10918	1.11016	13714	0	1
2019.08.27	18:00:00	1.11016	1.11026	1.10856	1.10923	9860	0	1
2019.08.27	21:00:00	1.10923	1.10958	1.10872	1.10901	2594	0	1
2019.08.28	00:00:00	1.10901	1.10945	1.10890	1.10895	3242	0	1
2019.08.28	03:00:00	1.10897	1.10921	1.10854	1.10881	6966	0	1
2019.08.28	06:00:00	1.10881	1.10898	1.10844	1.10886	3406	0	1
2019.08.28	09:00:00	1.10887	1.10978	1.10825	1.10887	12457	0	1
2019.08.28	12:00:00	1.10886	1.10976	1.10831	1.10837	12487	0	1
2019.08.28	15:00:00	1.10836	1.10862	1.10732	1.10757	14548	0	1
2019.08.28	18:00:00	1.10757	1.10856	1.10740	1.10830	7796	0	1
2019.08.28	21:00:00	1.10830	1.10845	1.10746	1.10770	5303	0	1
2019.08.29	00:00:00	1.10770	1.10863	1.10768	1.10853	5761	0	1
2019.08.29	03:00:00	1.10855	1.10873	1.10801	1.10821	5466	0	1
2019.08.29	06:00:00	1.10820	1.10852	1.10806	1.10842	3064	0	1
2019.08.29	09:00:00	1.10842	1.10859	1.10748	1.10763	13514	0	1
2019.08.29	12:00:00	1.10763	1.10781	1.10694	1.10741	10675	0	1
2019.08.29	15:00:00	1.10741	1.10932	1.10559	1.10668	16539	0	1
2019.08.29	18:00:00	1.10670	1.10672	1.10420	1.10536	9509	0	1
2019.08.29	21:00:00	1.10536	1.10585	1.10506	1.10563	4916	0	1
2019.08.30	00:00:00	1.10563	1.10602	1.10559	1.10590	2492	0	2
2019.08.30	03:00:00	1.10590	1.10598	1.10424	1.10432	5914	0	1
2019.08.30	06:00:00	1.10432	1.10499	1.10422	1.10480	3773	0	1
2019.08.30	09:00:00	1.10479	1.10517	1.10333	1.10380	13731	0	1
2019.08.30	12:00:00	1.10385	1.10458	1.10346	1.10352	10418	0	1
2019.08.30	15:00:00	1.10352	1.10493	1.10096	1.10122	10548	0	1
2019.08.30	18:00:00	1.10122	1.10133	1.09630	1.09713	14533	0	1
2019.08.30	21:00:00	1.09713	1.09941	1.09692	1.09893	7179	0	1
2019.09.02	00:00:00	1.09899	1.09965	1.09827	1.09904	3147	0	1
2019.09.02	03:00:00	1.09901	1.09931	1.09845	1.09904	4762	0	1
2019.09.02	06:00:00	1.09904	1.09931	1.09865	1.09865	2961	0	2
2019.09.02	09:00:00	1.09865	1.09925	1.09701	1.09726	10585	0	1
2019.09.02	12:00:00	1.09726	1.09751	1.09579	1.09687	9015	0	1
2019.09.02	15:00:00	1.09687	1.09706	1.09601	1.09693	5601	0	1
2019.09.02	18:00:00	1.09693	1.09754	1.09629	1.09691	3856	0	1
2019.09.02	21:00:00	1.09691	1.09728	1.09624	1.09696	2389	0	2
2019.09.03	00:00:00	1.09658	1.09718	1.09618	1.09642	6927	0	2
2019.09.03	03:00:00	1.09642	1.09643	1.09307	1.09312	9109	0	1
2019.09.03	06:00:00	1.09312	1.09494	1.09312	1.09462	5590	0	1
2019.09.03	09:00:00	1.09462	1.09512	1.09326	1.09490	15337	0	1
2019.09.03	12:00:00	1.09490	1.09491	1.09257	1.09369	11128	0	1
2019.09.03	15:00:00	1.09369	1.09787	1.09276	1.09590	16482	0	1
2019.09.03	18:00:00	1.09590	1.09736	1.09581	1.09721	10310	0	1
2019.09.03	21:00:00	1.09721	1.09755	1.09647	1.09733	4920	0	1
2019.09.04	00:00:00	1.09737	1.09771	1.09684	1.09726	3698	0	1
2019.09.04	03:00:00	1.09724	1.09798	1.09716	1.09749	5080	0	1
2019.09.04	06:00:00	1.09749	1.09770	1.09724	1.09750	3307	0	1
2019.09.04	09:00:00	1.09750	1.10129	1.09735	1.10071	13440	0	1
2019.09.04	12:00:00	1.10071	1.10235	1.10034	1.10149	9918	0	1
2019.09.04	15:00:00	1.10149	1.10322	1.10091	1.10286	10828	0	1
2019.09.04	18:00:00	1.10286	1.10327	1.10221	1.10272	10142	0	1
2019.09.04	21:00:00	1.10272	1.10383	1.10244	1.10348	6526	0	1
2019.09.05	00:00:00	1.10348	1.10367	1.10313	1.10347	3436	0	2
2019.09.05	03:00:00	1.10347	1.10392	1.10266	1.10312	7820	0	1
2019.09.05	06:00:00	1.10312	1.10313	1.10243	1.10271	4214	0	1
2019.09.05	09:00:00	1.10271	1.10443	1.10167	1.10374	13879	0	1
2019.09.05	12:00:00	1.10374	1.10668	1.10353	1.10657	13712	0	1
2019.09.05	15:00:00	1.10657	1.10846	1.10406	1.10426	16331	0	1
2019.09.05	18:00:00	1.10429	1.10513	1.10344	1.10383	8831	0	1
2019.09.05	21:00:00	1.10383	1.10398	1.10319	1.10340	3248	0	1
2019.09.06	00:00:00	1.10340	1.10381	1.10324	1.10340	4447	0	1
2019.09.06	03:00:00	1.10339	1.10359	1.10297	1.10336	3525	0	1
2019.09.06	06:00:00	1.10336	1.10463	1.10329	1.10438	3330	0	1
2019.09.06	09:00:00	1.10439	1.10514	1.10360	1.10370	12759	0	1
2019.09.06	12:00:00	1.10370	1.10402	1.10202	1.10221	10462	0	1
2019.09.06	15:00:00	1.10221	1.10571	1.10221	1.10474	15292	0	1
2019.09.06	18:00:00	1.10477	1.10503	1.10253	1.10380	10616	0	1
2019.09.06	21:00:00	1.10380	1.10381	1.10239	1.10245	5027	0	2
2019.09.09	00:00:00	1.10256	1.10272	1.10194	1.10202	3611	0	2
2019.09.09	03:00:00	1.10202	1.10286	1.10154	1.10244	6944	0	1
2019.09.09	06:00:00	1.10244	1.10294	1.10243	1.10252	2068	0	2
2019.09.09	09:00:00	1.10252	1.10367	1.10224	1.10337	8557	0	1
2019.09.09	12:00:00	1.10337	1.10419	1.10211	1.10365	8090	0	1
2019.09.09	15:00:00	1.10364	1.10633	1.10280	1.10576	10228	0	1
2019.09.09	18:00:00	1.10576	1.10680	1.10534	1.10561	5974	0	1
2019.09.09	21:00:00	1.10561	1.10567	1.10447	1.10477	2847	0	1
2019.09.10	00:00:00	1.10474	1.10519	1.10459	1.10469	3765	0	1
2019.09.10	03:00:00	1.10469	1.10470	1.10402	1.10453	4062	0	1
2019.09.10	06:00:00	1.10453	1.10469	1.10427	1.10430	2134	0	1
2019.09.10	09:00:00	1.10430	1.10593	1.10366	1.10384	8124	0	1
2019.09.10	12:00:00	1.10384	1.10467	1.10324	1.10364	5809	0	1
2019.09.10	15:00:00	1.10364	1.10457	1.10304	1.10419	8259	0	1
2019.09.10	18:00:00	1.10418	1.10520	1.10361	1.10448	6592	0	1
2019.09.10	21:00:00	1.10448	1.10486	1.10376	1.10432	3244	0	1
2019.09.11	00:00:00	1.10430	1.10510	1.10387	1.10501	2646	0	1
2019.09.11	03:00:00	1.10502	1.10551	1.10435	1.10471	2980	0	1
2019.09.11	06:00:00	1.10472	1.10555	1.10449	1.10488	2833	0	2
2019.09.11	09:00:00	1.10487	1.10492	1.10230	1.10255	6902	0	1
2019.09.11	12:00:00	1.10255	1.10276	1.09966	1.09972	7791	0	1
2019.09.11	15:00:00	1.09971	1.10068	1.09851	1.09974	8444	0	1
2019.09.11	18:00:00	1.09972	1.10117	1.09903	1.10080	4661	0	1
2019.09.11	21:00:00	1.10080	1.10136	1.10053	1.10102	2673	0	1
2019.09.12	00:00:00	1.10102	1.10139	1.10074	1.10134	1767	0	1
2019.09.12	03:00:00	1.10134	1.10151	1.10079	1.10096	2958	0	1
2019.09.12	06:00:00	1.10096	1.10149	1.10096	1.10135	2235	0	1
2019.09.12	09:00:00	1.10135	1.10323	1.10054	1.10269	7750	0	1
2019.09.12	12:00:00	1.10269	1.10688	1.09610	1.09658	9256	0	1
2019.09.12	15:00:00	1.09656	1.10691	1.09267	1.10294	27201	0	1
2019.09.12	18:00:00	1.10294	1.10870	1.10259	1.10670	10731	0	1
2019.09.12	21:00:00	1.10670	1.10751	1.10614	1.10643	4115	0	1
2019.09.13	00:00:00	1.10643	1.10675	1.10553	1.10560	3029	0	1
2019.09.13	03:00:00	1.10560	1.10664	1.10560	1.10656	3428	0	1
2019.09.13	06:00:00	1.10656	1.10731	1.10655	1.10709	2037	0	2
2019.09.13	09:00:00	1.10709	1.11094	1.10678	1.10919	13336	0	1
2019.09.13	12:00:00	1.10922	1.11065	1.10895	1.11025	7411	0	1
2019.09.13	15:00:00	1.11025	1.11048	1.10608	1.10802	11715	0	1
2019.09.13	18:00:00	1.10803	1.10853	1.10666	1.10762	6049	0	1
2019.09.13	21:00:00	1.10763	1.10791	1.10668	1.10697	4140	0	1
2019.09.16	00:00:00	1.10720	1.10863	1.10695	1.10830	3713	0	1
2019.09.16	03:00:00	1.10830	1.10843	1.10729	1.10748	5007	0	1
2019.09.16	06:00:00	1.10748	1.10760	1.10677	1.10687	2580	0	1
2019.09.16	09:00:00	1.10687	1.10822	1.10581	1.10594	8643	0	1
2019.09.16	12:00:00	1.10594	1.10694	1.10280	1.10298	7648	0	1
2019.09.16	15:00:00	1.10298	1.10356	1.09936	1.09972	8554	0	1
2019.09.16	18:00:00	1.09972	1.10102	1.09932	1.09957	7210	0	1
2019.09.16	21:00:00	1.09957	1.10112	1.09953	1.10003	4220	0	1
2019.09.17	00:00:00	1.09998	1.10062	1.09970	1.10030	3678	0	2
2019.09.17	03:00:00	1.10030	1.10134	1.10010	1.10120	4692	0	1
2019.09.17	06:00:00	1.10119	1.10139	1.10055	1.10119	2864	0	1
2019.09.17	09:00:00	1.10119	1.10225	1.09902	1.10141	9415	0	1
2019.09.17	12:00:00	1.10141	1.10272	1.10067	1.10234	7597	0	1
2019.09.17	15:00:00	1.10233	1.10503	1.10204	1.10475	11623	0	1
2019.09.17	18:00:00	1.10475	1.10734	1.10473	1.10660	6997	0	1
2019.09.17	21:00:00	1.10660	1.10745	1.10648	1.10725	3464	0	1
2019.09.18	00:00:00	1.10723	1.10756	1.10688	1.10737	1584	0	2
2019.09.18	03:00:00	1.10737	1.10746	1.10651	1.10666	3504	0	1
2019.09.18	06:00:00	1.10666	1.10675	1.10631	1.10656	1554	0	1
2019.09.18	09:00:00	1.10657	1.10685	1.10409	1.10417	7968	0	1
2019.09.18	12:00:00	1.10420	1.10522	1.10367	1.10514	6708	0	1
2019.09.18	15:00:00	1.10514	1.10658	1.10509	1.10605	6563	0	1
2019.09.18	18:00:00	1.10606	1.10683	1.10548	1.10635	5424	0	1
2019.09.18	21:00:00	1.10635	1.10645	1.10136	1.10299	13893	0	1
2019.09.19	00:00:00	1.10298	1.10365	1.10265	1.10292	3376	0	1
2019.09.19	03:00:00	1.10292	1.10358	1.10227	1.10326	4764	0	1
2019.09.19	06:00:00	1.10327	1.10428	1.10320	1.10411	4091	0	1
2019.09.19	09:00:00	1.10411	1.10646	1.10348	1.10586	10356	0	1
2019.09.19	12:00:00	1.10587	1.10734	1.10560	1.10675	8644	0	1
2019.09.19	15:00:00	1.10675	1.10722	1.10500	1.10552	7907	0	1
2019.09.19	18:00:00	1.10553	1.10617	1.10384	1.10594	7059	0	1
2019.09.19	21:00:00	1.10594	1.10600	1.10396	1.10408	4503	0	1
2019.09.20	00:00:00	1.10408	1.10457	1.10397	1.10445	3640	0	1
2019.09.20	03:00:00	1.10443	1.10595	1.10436	1.10589	3268	0	1
2019.09.20	06:00:00	1.10589	1.10594	1.10544	1.10553	2266	0	1
2019.09.20	09:00:00	1.10553	1.10675	1.10459	1.10473	8100	0	1
2019.09.20	12:00:00	1.10474	1.10541	1.10253	1.10324	7192	0	1
2019.09.20	15:00:00	1.10324	1.10337	1.10046	1.10109	8917	0	1
2019.09.20	18:00:00	1.10109	1.10195	1.09962	1.10186	9524	0	1
2019.09.20	21:00:00	1.10187	1.10217	1.10098	1.10187	5643	0	1
2019.09.23	00:00:00	1.10120	1.10198	1.10119	1.10186	2306	0	2
2019.09.23	03:00:00	1.10185	1.10251	1.10158	1.10227	3472	0	1
2019.09.23	06:00:00	1.10230	1.10244	1.10201	1.10236	1983	0	2
2019.09.23	09:00:00	1.10235	1.10253	1.09660	1.09774	12669	0	1
2019.09.23	12:00:00	1.09775	1.09889	1.09665	1.09847	7921	0	1
2019.09.23	15:00:00	1.09847	1.09992	1.09796	1.09948	9413	0	1
2019.09.23	18:00:00	1.09947	1.09997	1.09837	1.09904	6291	0	1
2019.09.23	21:00:00	1.09904	1.09979	1.09880	1.09925	3854	0	1
2019.09.24	00:00:00	1.09927	1.09970	1.09908	1.09939	1974	0	1
2019.09.24	03:00:00	1.09939	1.09956	1.09865	1.09911	2677	0	1
2019.09.24	06:00:00	1.09911	1.09934	1.09874	1.09898	2479	0	2
2019.09.24	09:00:00	1.09898	1.09962	1.09837	1.09940	8432	0	1
2019.09.24	12:00:00	1.09940	1.10037	1.09870	1.10012	6588	0	1
2019.09.24	15:00:00	1.10012	1.10146	1.09939	1.09982	8923	0	1
2019.09.24	18:00:00	1.09982	1.10198	1.09954	1.10139	8291	0	1
2019.09.24	21:00:00	1.10139	1.10239	1.09983	1.10193	7874	0	1
2019.09.25	00:00:00	1.10192	1.10228	1.10134	1.10135	3311	0	1
2019.09.25	03:00:00	1.10135	1.10168	1.09981	1.10021	6068	0	1
2019.09.25	06:00:00	1.10020	1.10035	1.09939	1.09974	3640	0	1
2019.09.25	09:00:00	1.09973	1.10027	1.09924	1.10016	7300	0	1
2019.09.25	12:00:00	1.10016	1.10050	1.09781	1.09795	6458	0	1
2019.09.25	15:00:00	1.09795	1.09882	1.09534	1.09597	10100	0	1
2019.09.25	18:00:00	1.09597	1.09600	1.09397	1.09470	9011	0	1
2019.09.25	21:00:00	1.09470	1.09477	1.09373	1.09419	4922	0	1
2019.09.26	00:00:00	1.09415	1.09531	1.09409	1.09513	2398	0	1
2019.09.26	03:00:00	1.09513	1.09606	1.09496	1.09590	3548	0	1
2019.09.26	06:00:00	1.09590	1.09650	1.09543	1.09544	2311	0	1
2019.09.26	09:00:00	1.09544	1.09556	1.09330	1.09394	6731	0	1
2019.09.26	12:00:00	1.09394	1.09421	1.09222	1.09322	8177	0	1
2019.09.26	15:00:00	1.09321	1.09673	1.09310	1.09420	10189	0	1
2019.09.26	18:00:00	1.09420	1.09459	1.09219	1.09263	8356	0	1
2019.09.26	21:00:00	1.09263	1.09301	1.09087	1.09198	4671	0	1
2019.09.27	00:00:00	1.09201	1.09230	1.09159	1.09221	1829	0	1
2019.09.27	03:00:00	1.09222	1.09231	1.09038	1.09195	3849	0	1
2019.09.27	06:00:00	1.09194	1.09255	1.09189	1.09193	2687	0	1
2019.09.27	09:00:00	1.09193	1.09287	1.09066	1.09237	8289	0	1
2019.09.27	12:00:00	1.09237	1.09399	1.09200	1.09352	6027	0	1
2019.09.27	15:00:00	1.09352	1.09492	1.09266	1.09479	8955	0	1
2019.09.27	18:00:00	1.09480	1.09586	1.09359	1.09413	9784	0	1
2019.09.27	21:00:00	1.09413	1.09439	1.09379	1.09411	3902	0	1
2019.09.30	00:00:00	1.09403	1.09461	1.09396	1.09422	1563	0	1
2019.09.30	03:00:00	1.09420	1.09422	1.09300	1.09306	3128	0	1
2019.09.30	06:00:00	1.09306	1.09388	1.09306	1.09362	2150	0	1
2019.09.30	09:00:00	1.09362	1.09476	1.09307	1.09336	6883	0	1
2019.09.30	12:00:00	1.09336	1.09344	1.09058	1.09080	6473	0	1
2019.09.30	15:00:00	1.09080	1.09139	1.08846	1.09011	10430	0	1
2019.09.30	18:00:00	1.09011	1.09122	1.08932	1.08969	6675	0	1
2019.09.30	21:00:00	1.08969	1.09059	1.08966	1.08991	3280	0	1
2019.10.01	00:00:00	1.08991	1.09001	1.08963	1.08991	1412	0	2
2019.10.01	03:00:00	1.08991	1.09006	1.08858	1.08861	2893	0	1
2019.10.01	06:00:00	1.08861	1.08937	1.08861	1.08891	2975	0	1
2019.10.01	09:00:00	1.08891	1.08955	1.08790	1.08932	9403	0	1
2019.10.01	12:00:00	1.08932	1.09078	1.08916	1.08981	7119	0	1
2019.10.01	15:00:00	1.08981	1.09214	1.08845	1.09158	12252	0	1
2019.10.01	18:00:00	1.09158	1.09427	1.09152	1.09319	10056	0	1
2019.10.01	21:00:00	1.09318	1.09385	1.09301	1.09317	3651	0	1
2019.10.02	00:00:00	1.09311	1.09352	1.09284	1.09339	2744	0	2
2019.10.02	03:00:00	1.09339	1.09413	1.09326	1.09369	3804	0	1
2019.10.02	06:00:00	1.09369	1.09378	1.09315	1.09356	2276	0	1
2019.10.02	09:00:00	1.09356	1.09356	1.09042	1.09053	8453	0	1
2019.10.02	12:00:00	1.09053	1.09348	1.09045	1.09289	7551	0	1
2019.10.02	15:00:00	1.09289	1.09522	1.09155	1.09448	9667	0	1
2019.10.02	18:00:00	1.09448	1.09635	1.09440	1.09591	8129	0	1
2019.10.02	21:00:00	1.09591	1.09634	1.09560	1.09590	4183	0	1
2019.10.03	00:00:00	1.09584	1.09622	1.09584	1.09604	1933	0	1
2019.10.03	03:00:00	1.09604	1.09648	1.09556	1.09578	3177	0	1
2019.10.03	06:00:00	1.09579	1.09597	1.09549	1.09565	2124	0	1
2019.10.03	09:00:00	1.09565	1.09736	1.09409	1.09632	9947	0	1
2019.10.03	12:00:00	1.09632	1.09703	1.09449	1.09564	7763	0	1
2019.10.03	15:00:00	1.09564	1.09992	1.09480	1.09835	14622	0	1
2019.10.03	18:00:00	1.09838	1.09948	1.09749	1.09818	9512	0	1
2019.10.03	21:00:00	1.09816	1.09845	1.09618	1.09630	3900	0	1
2019.10.04	00:00:00	1.09630	1.09759	1.09627	1.09743	3901	0	2
2019.10.04	03:00:00	1.09743	1.09837	1.09738	1.09799	2727	0	1
2019.10.04	06:00:00	1.09799	1.09799	1.09675	1.09691	2176	0	1
2019.10.04	09:00:00	1.09691	1.09782	1.09641	1.09736	7182	0	1
2019.10.04	12:00:00	1.09736	1.09897	1.09727	1.09813	7096	0	1
2019.10.04	15:00:00	1.09812	1.09983	1.09569	1.09790	15300	0	1
2019.10.04	18:00:00	1.09788	1.09868	1.09715	1.09780	6981	0	1
2019.10.04	21:00:00	1.09774	1.09840	1.09723	1.09772	5016	0	1
2019.10.07	00:00:00	1.09790	1.09839	1.09760	1.09833	1976	0	1
2019.10.07	03:00:00	1.09833	1.09898	1.09812	1.09842	2522	0	1
2019.10.07	06:00:00	1.09842	1.09847	1.09777	1.09779	2299	0	1
2019.10.07	09:00:00	1.09783	1.09839	1.09618	1.09640	6662	0	1
2019.10.07	12:00:00	1.09640	1.09899	1.09633	1.09871	5824	0	1
2019.10.07	15:00:00	1.09867	1.10006	1.09857	1.09945	8366	0	1
2019.10.07	18:00:00	1.09945	1.09994	1.09692	1.09773	6669	0	1
2019.10.07	21:00:00	1.09773	1.09814	1.09688	1.09704	4218	0	1
2019.10.08	00:00:00	1.09703	1.09729	1.09676	1.09715	1686	0	2
2019.10.08	03:00:00	1.09715	1.09783	1.09647	1.09760	3374	0	1
2019.10.08	06:00:00	1.09760	1.09783	1.09729	1.09763	2345	0	1
2019.10.08	09:00:00	1.09762	1.09917	1.09760	1.09905	8027	0	1
2019.10.08	12:00:00	1.09905	1.09959	1.09825	1.09877	8855	0	1
2019.10.08	15:00:00	1.09877	1.09926	1.09531	1.09549	10766	0	1
2019.10.08	18:00:00	1.09548	1.09583	1.09449	1.09516	7128	0	1
2019.10.08	21:00:00	1.09517	1.09622	1.09411	1.09560	8105	0	1
2019.10.09	00:00:00	1.09560	1.09611	1.09514	1.09598	2286	0	1
2019.10.09	03:00:00	1.09598	1.09655	1.09548	1.09651	2310	0	1
2019.10.09	06:00:00	1.09650	1.09652	1.09585	1.09595	1422	0	1
2019.10.09	09:00:00	1.09595	1.09898	1.09555	1.09840	7771	0	1
2019.10.09	12:00:00	1.09840	1.09901	1.09735	1.09787	8258	0	1
2019.10.09	15:00:00	1.09787	1.09837	1.09715	1.09793	7513	0	1
2019.10.09	18:00:00	1.09794	1.09833	1.09702	1.09783	4903	0	1
2019.10.09	21:00:00	1.09784	1.09794	1.09677	1.09710	4510	0	1
2019.10.10	00:00:00	1.09704	1.09895	1.09697	1.09842	3572	0	1
2019.10.10	03:00:00	1.09842	1.09932	1.09798	1.09903	5999	0	1
2019.10.10	06:00:00	1.09903	1.09908	1.09837	1.09876	1923	0	2
2019.10.10	09:00:00	1.09876	1.10196	1.09829	1.10174	9604	0	1
2019.10.10	12:00:00	1.10174	1.10338	1.10135	1.10241	7311	0	1
2019.10.10	15:00:00	1.10239	1.10332	1.10117	1.10128	12361	0	1
2019.10.10	18:00:00	1.10127	1.10235	1.10020	1.10152	9780	0	1
2019.10.10	21:00:00	1.10153	1.10176	1.10028	1.10050	4876	0	1
2019.10.11	00:00:00	1.10049	1.10111	1.10038	1.10106	2332	0	1
2019.10.11	03:00:00	1.10106	1.10178	1.10048	1.10172	3039	0	1
2019.10.11	06:00:00	1.10172	1.10195	1.10141	1.10157	2119	0	2
2019.10.11	09:00:00	1.10157	1.10226	1.10008	1.10094	9466	0	1
2019.10.11	12:00:00	1.10095	1.10624	1.10073	1.10539	14077	0	1
2019.10.11	15:00:00	1.10540	1.10627	1.10254	1.10346	14579	0	1
2019.10.11	18:00:00	1.10345	1.10538	1.10308	1.10465	10743	0	1
2019.10.11	21:00:00	1.10465	1.10480	1.10327	1.10360	5466	0	1
2019.10.14	00:00:00	1.10314	1.10382	1.10251	1.10282	2810	0	1
2019.10.14	03:00:00	1.10282	1.10318	1.10241	1.10279	3252	0	1
2019.10.14	06:00:00	1.10279	1.10354	1.10257	1.10299	2305	0	1
2019.10.14	09:00:00	1.10299	1.10329	1.10126	1.10299	7894	0	1
2019.10.14	12:00:00	1.10299	1.10427	1.10252	1.10273	5841	0	1
2019.10.14	15:00:00	1.10273	1.10318	1.10196	1.10247	6252	0	1
2019.10.14	18:00:00	1.10246	1.10306	1.10175	1.10258	4632	0	1
2019.10.14	21:00:00	1.10258	1.10326	1.10225	1.10251	2317	0	1
2019.10.15	00:00:00	1.10252	1.10295	1.10224	1.10259	2780	0	1
2019.10.15	03:00:00	1.10258	1.10323	1.10215	1.10265	2648	0	1
2019.10.15	06:00:00	1.10265	1.10333	1.10265	1.10325	2254	0	1
2019.10.15	09:00:00	1.10327	1.10460	1.10127	1.10263	10774	0	1
2019.10.15	12:00:00	1.10263	1.10265	1.10024	1.10058	9077	0	1
2019.10.15	15:00:00	1.10057	1.10444	1.09912	1.10345	11997	0	1
2019.10.15	18:00:00	1.10348	1.10441	1.10153	1.10295	9648	0	1
2019.10.15	21:00:00	1.10295	1.10380	1.10273	1.10320	3563	0	1
2019.10.16	00:00:00	1.10319	1.10351	1.10241	1.10344	2026	0	1
2019.10.16	03:00:00	1.10344	1.10344	1.10237	1.10288	3681	0	1
2019.10.16	06:00:00	1.10288	1.10360	1.10280	1.10350	2072	0	1
2019.10.16	09:00:00	1.10350	1.10600	1.10292	1.10362	12399	0	1
2019.10.16	12:00:00	1.10362	1.10470	1.10225	1.10265	10690	0	1
2019.10.16	15:00:00	1.10265	1.10561	1.10230	1.10515	12825	0	1
2019.10.16	18:00:00	1.10516	1.10854	1.10446	1.10694	9145	0	1
2019.10.16	21:00:00	1.10694	1.10768	1.10679	1.10710	2894	0	1
2019.10.17	00:00:00	1.10710	1.10773	1.10708	1.10738	1659	0	1
2019.10.17	03:00:00	1.10739	1.10847	1.10730	1.10767	3402	0	1
2019.10.17	06:00:00	1.10767	1.10785	1.10694	1.10711	2101	0	1
2019.10.17	09:00:00	1.10712	1.10928	1.10650	1.10897	8727	0	1
2019.10.17	12:00:00	1.10897	1.11398	1.10897	1.11156	15558	0	1
2019.10.17	15:00:00	1.11156	1.11303	1.11014	1.11153	12556	0	1
2019.10.17	18:00:00	1.11152	1.11321	1.11105	1.11275	5959	0	1
2019.10.17	21:00:00	1.11274	1.11287	1.11203	1.11234	3102	0	1
2019.10.18	00:00:00	1.11236	1.11284	1.11229	1.11246	2252	0	1
2019.10.18	03:00:00	1.11246	1.11309	1.11213	1.11230	3069	0	1
2019.10.18	06:00:00	1.11231	1.11277	1.11196	1.11197	1970	0	1
2019.10.18	09:00:00	1.11197	1.11313	1.11146	1.11277	7272	0	1
2019.10.18	12:00:00	1.11277	1.11465	1.11247	1.11430	6788	0	1
2019.10.18	15:00:00	1.11430	1.11525	1.11358	1.11385	7614	0	1
2019.10.18	18:00:00	1.11381	1.11630	1.11350	1.11587	7354	0	1
2019.10.18	21:00:00	1.11586	1.11702	1.11563	1.11689	3935	0	1
2019.10.21	00:00:00	1.11604	1.11634	1.11497	1.11558	3848	0	1
2019.10.21	03:00:00	1.11558	1.11632	1.11542	1.11565	2944	0	1
2019.10.21	06:00:00	1.11565	1.11609	1.11527	1.11528	1625	0	1
2019.10.21	09:00:00	1.11528	1.11793	1.11496	1.11664	7755	0	1
2019.10.21	12:00:00	1.11668	1.11732	1.11608	1.11684	5341	0	1
2019.10.21	15:00:00	1.11681	1.11737	1.11444	1.11457	6902	0	1
2019.10.21	18:00:00	1.11457	1.11566	1.11387	1.11509	5476	0	1
2019.10.21	21:00:00	1.11508	1.11535	1.11448	1.11487	2284	0	1
2019.10.22	00:00:00	1.11487	1.11526	1.11444	1.11515	1544	0	2
2019.10.22	03:00:00	1.11515	1.11568	1.11474	1.11517	2178	0	1
2019.10.22	06:00:00	1.11517	1.11567	1.11490	1.11527	1502	0	1
2019.10.22	09:00:00	1.11527	1.11567	1.11332	1.11409	6142	0	1
2019.10.22	12:00:00	1.11409	1.11480	1.11335	1.11381	5396	0	1
2019.10.22	15:00:00	1.11381	1.11391	1.11228	1.11314	7439	0	1
2019.10.22	18:00:00	1.11314	1.11465	1.11299	1.11442	5062	0	1
2019.10.22	21:00:00	1.11442	1.11539	1.11176	1.11243	8098	0	1
2019.10.23	00:00:00	1.11242	1.11311	1.11230	1.11288	1781	0	1
2019.10.23	03:00:00	1.11288	1.11306	1.11199	1.11200	2321	0	1
2019.10.23	06:00:00	1.11200	1.11252	1.11157	1.11249	2101	0	1
2019.10.23	09:00:00	1.11249	1.11287	1.11178	1.11183	6891	0	1
2019.10.23	12:00:00	1.11182	1.11222	1.11061	1.11196	5645	0	1
2019.10.23	15:00:00	1.11196	1.11250	1.11117	1.11147	5029	0	1
2019.10.23	18:00:00	1.11147	1.11240	1.11136	1.11234	4128	0	1
2019.10.23	21:00:00	1.11234	1.11402	1.11228	1.11297	2736	0	1
2019.10.24	00:00:00	1.11296	1.11333	1.11289	1.11320	1496	0	2
2019.10.24	03:00:00	1.11320	1.11418	1.11290	1.11374	2312	0	1
2019.10.24	06:00:00	1.11374	1.11379	1.11315	1.11328	1536	0	1
2019.10.24	09:00:00	1.11327	1.11626	1.11240	1.11321	10085	0	1
2019.10.24	12:00:00	1.11321	1.11352	1.11201	1.11211	5002	0	1
2019.10.24	15:00:00	1.11210	1.11535	1.11017	1.11054	11377	0	1
2019.10.24	18:00:00	1.11052	1.11110	1.10930	1.11064	6705	0	1
2019.10.24	21:00:00	1.11064	1.11092	1.10993	1.11037	2919	0	1
2019.10.25	00:00:00	1.11036	1.11067	1.11019	1.11034	1522	0	1
2019.10.25	03:00:00	1.11035	1.11052	1.11007	1.11035	1474	0	1
2019.10.25	06:00:00	1.11035	1.11093	1.11011	1.11088	1196	0	1
2019.10.25	09:00:00	1.11088	1.11226	1.11047	1.11208	5298	0	1
2019.10.25	12:00:00	1.11208	1.11228	1.11060	1.11060	4153	0	1
2019.10.25	15:00:00	1.11060	1.11093	1.10869	1.10908	6016	0	1
2019.10.25	18:00:00	1.10908	1.10917	1.10729	1.10769	5434	0	1
2019.10.25	21:00:00	1.10769	1.10825	1.10761	1.10794	2637	0	1
2019.10.28	00:00:00	1.10788	1.10843	1.10786	1.10821	1539	0	1
2019.10.28	03:00:00	1.10821	1.10821	1.10760	1.10815	1611	0	1
2019.10.28	06:00:00	1.10815	1.10913	1.10809	1.10912	1792	0	1
2019.10.28	09:00:00	1.10911	1.10969	1.10859	1.10914	5602	0	1
2019.10.28	12:00:00	1.10914	1.11065	1.10869	1.10872	4658	0	1
2019.10.28	15:00:00	1.10872	1.10977	1.10843	1.10932	6052	0	1
2019.10.28	18:00:00	1.10932	1.11028	1.10918	1.10977	3375	0	1
2019.10.28	21:00:00	1.10977	1.11032	1.10967	1.10994	2125	0	1
2019.10.29	00:00:00	1.10994	1.11009	1.10965	1.10976	1647	0	1
2019.10.29	03:00:00	1.10978	1.11023	1.10915	1.10963	1915	0	1
2019.10.29	06:00:00	1.10962	1.10967	1.10888	1.10906	1748	0	1
2019.10.29	09:00:00	1.10906	1.10936	1.10770	1.10773	5116	0	1
2019.10.29	12:00:00	1.10773	1.10960	1.10735	1.10948	6144	0	1
2019.10.29	15:00:00	1.10948	1.11174	1.10924	1.11165	7701	0	1
2019.10.29	18:00:00	1.11164	1.11184	1.11048	1.11108	4226	0	1
2019.10.29	21:00:00	1.11108	1.11142	1.11093	1.11118	2084	0	1
2019.10.30	00:00:00	1.11117	1.11141	1.11066	1.11089	2093	0	1
2019.10.30	03:00:00	1.11089	1.11123	1.11064	1.11085	1771	0	1
2019.10.30	06:00:00	1.11085	1.11166	1.11077	1.11147	2061	0	1
2019.10.30	09:00:00	1.11148	1.11232	1.11116	1.11116	6312	0	1
2019.10.30	12:00:00	1.11116	1.11269	1.11020	1.11140	7339	0	1
2019.10.30	15:00:00	1.11141	1.11234	1.11034	1.11228	8648	0	1
2019.10.30	18:00:00	1.11229	1.11270	1.10800	1.11256	9335	0	1
2019.10.30	21:00:00	1.11260	1.11533	1.11226	1.11516	6176	0	1
2019.10.31	00:00:00	1.11516	1.11624	1.11516	1.11622	3099	0	1
2019.10.31	03:00:00	1.11622	1.11696	1.11596	1.11687	3294	0	1
2019.10.31	06:00:00	1.11686	1.11703	1.11576	1.11641	2074	0	1
2019.10.31	09:00:00	1.11641	1.11756	1.11573	1.11634	8859	0	1
2019.10.31	12:00:00	1.11634	1.11747	1.11441	1.11529	8029	0	1
2019.10.31	15:00:00	1.11526	1.11587	1.11314	1.11556	9608	0	1
2019.10.31	18:00:00	1.11556	1.11583	1.11403	1.11451	6183	0	1
2019.10.31	21:00:00	1.11451	1.11540	1.11428	1.11514	2363	0	1
2019.11.01	00:00:00	1.11514	1.11566	1.11487	1.11547	1996	0	1
2019.11.01	03:00:00	1.11547	1.11666	1.11547	1.11642	2776	0	1
2019.11.01	06:00:00	1.11642	1.11650	1.11604	1.11617	1264	0	2
2019.11.01	09:00:00	1.11617	1.11687	1.11477	1.11495	4887	0	1
2019.11.01	12:00:00	1.11496	1.11577	1.11281	1.11311	7510	0	1
2019.11.01	15:00:00	1.11316	1.11718	1.11311	1.11684	10192	0	1
2019.11.01	18:00:00	1.11684	1.11708	1.11587	1.11635	4627	0	1
2019.11.01	21:00:00	1.11634	1.11697	1.11605	1.11648	1755	0	1
2019.11.04	00:00:00	1.11687	1.11696	1.11595	1.11601	1643	0	1
2019.11.04	03:00:00	1.11601	1.11737	1.11601	1.11692	1721	0	1
2019.11.04	06:00:00	1.11692	1.11710	1.11652	1.11683	1427	0	1
2019.11.04	09:00:00	1.11683	1.11753	1.11491	1.11649	7783	0	1
2019.11.04	12:00:00	1.11649	1.11701	1.11547	1.11597	4760	0	1
2019.11.04	15:00:00	1.11597	1.11597	1.11470	1.11546	6049	0	1
2019.11.04	18:00:00	1.11546	1.11567	1.11311	1.11346	4109	0	1
2019.11.04	21:00:00	1.11346	1.11352	1.11247	1.11272	3045	0	1
2019.11.05	00:00:00	1.11269	1.11310	1.11216	1.11296	2889	0	1
2019.11.05	03:00:00	1.11296	1.11303	1.11124	1.11234	2790	0	1
2019.11.05	06:00:00	1.11234	1.11287	1.11209	1.11275	2173	0	1
2019.11.05	09:00:00	1.11275	1.11401	1.11242	1.11292	7006	0	1
2019.11.05	12:00:00	1.11292	1.11312	1.11050	1.11090	6802	0	1
2019.11.05	15:00:00	1.11091	1.11112	1.10662	1.10723	10092	0	1
2019.11.05	18:00:00	1.10723	1.10756	1.10638	1.10680	6256	0	1
2019.11.05	21:00:00	1.10680	1.10745	1.10634	1.10742	3372	0	1
2019.11.06	00:00:00	1.10742	1.10753	1.10666	1.10679	1950	0	1
2019.11.06	03:00:00	1.10679	1.10799	1.10677	1.10761	2197	0	1
2019.11.06	06:00:00	1.10761	1.10784	1.10696	1.10756	1894	0	1
2019.11.06	09:00:00	1.10755	1.10927	1.10721	1.10912	6228	0	1
2019.11.06	12:00:00	1.10912	1.10921	1.10770	1.10895	4292	0	1
2019.11.06	15:00:00	1.10895	1.10918	1.10728	1.10738	6316	0	1
2019.11.06	18:00:00	1.10738	1.10792	1.10649	1.10676	5962	0	1
2019.11.06	21:00:00	1.10676	1.10733	1.10650	1.10658	3020	0	1
2019.11.07	00:00:00	1.10658	1.10714	1.10652	1.10678	1889	0	2
2019.11.07	03:00:00	1.10679	1.10699	1.10549	1.10586	2989	0	1
2019.11.07	06:00:00	1.10586	1.10628	1.10578	1.10594	1633	0	1
2019.11.07	09:00:00	1.10597	1.10837	1.10585	1.10777	9548	0	1
2019.11.07	12:00:00	1.10777	1.10915	1.10683	1.10765	8729	0	1
2019.11.07	15:00:00	1.10764	1.10823	1.10361	1.10465	8561	0	1
2019.11.07	18:00:00	1.10465	1.10496	1.10361	1.10456	8174	0	1
2019.11.07	21:00:00	1.10456	1.10536	1.10435	1.10497	4389	0	1
2019.11.08	00:00:00	1.10492	1.10526	1.10458	1.10475	2909	0	1
2019.11.08	03:00:00	1.10473	1.10542	1.10459	1.10520	2161	0	1
2019.11.08	06:00:00	1.10520	1.10535	1.10468	1.10518	1779	0	1
2019.11.08	09:00:00	1.10516	1.10553	1.10379	1.10384	6220	0	1
2019.11.08	12:00:00	1.10384	1.10478	1.10259	1.10317	5905	0	1
2019.11.08	15:00:00	1.10317	1.10374	1.10194	1.10216	8065	0	1
2019.11.08	18:00:00	1.10219	1.10235	1.10166	1.10203	4004	0	1
2019.11.08	21:00:00	1.10203	1.10244	1.10185	1.10189	1987	0	1
2019.11.11	00:00:00	1.10185	1.10237	1.10164	1.10177	1796	0	1
2019.11.11	03:00:00	1.10177	1.10238	1.10170	1.10226	1576	0	1
2019.11.11	06:00:00	1.10226	1.10259	1.10216	1.10251	1414	0	1
2019.11.11	09:00:00	1.10255	1.10332	1.10209	1.10295	4783	0	1
2019.11.11	12:00:00	1.10295	1.10400	1.10256	1.10382	4295	0	1
2019.11.11	15:00:00	1.10384	1.10430	1.10309	1.10347	4924	0	1
2019.11.11	18:00:00	1.10347	1.10414	1.10332	1.10370	3085	0	1
2019.11.11	21:00:00	1.10370	1.10392	1.10311	1.10323	1452	0	1
2019.11.12	00:00:00	1.10323	1.10379	1.10311	1.10343	2148	0	2
2019.11.12	03:00:00	1.10342	1.10353	1.10263	1.10319	1759	0	1
2019.11.12	06:00:00	1.10319	1.10385	1.10319	1.10338	1909	0	1
2019.11.12	09:00:00	1.10340	1.10358	1.10188	1.10326	5988	0	1
2019.11.12	12:00:00	1.10325	1.10365	1.10110	1.10197	4765	0	1
2019.11.12	15:00:00	1.10196	1.10227	1.10025	1.10122	6243	0	1
2019.11.12	18:00:00	1.10122	1.10197	1.10060	1.10066	5703	0	1
2019.11.12	21:00:00	1.10066	1.10126	1.10052	1.10088	2926	0	1
2019.11.13	00:00:00	1.10089	1.10134	1.10068	1.10090	2744	0	1
2019.11.13	03:00:00	1.10090	1.10155	1.10083	1.10123	3226	0	1
2019.11.13	06:00:00	1.10123	1.10166	1.10116	1.10134	1612	0	1
2019.11.13	09:00:00	1.10134	1.10184	1.09991	1.10150	5840	0	1
2019.11.13	12:00:00	1.10150	1.10202	1.09997	1.10074	5543	0	1
2019.11.13	15:00:00	1.10075	1.10155	1.10011	1.10101	7352	0	1
2019.11.13	18:00:00	1.10102	1.10113	1.09953	1.10043	4885	0	1
2019.11.13	21:00:00	1.10040	1.10091	1.09999	1.10053	3265	0	1
2019.11.14	00:00:00	1.10052	1.10109	1.10037	1.10064	2378	0	1
2019.11.14	03:00:00	1.10064	1.10092	1.09997	1.10035	2533	0	1
2019.11.14	06:00:00	1.10035	1.10048	1.09940	1.09947	2068	0	1
2019.11.14	09:00:00	1.09947	1.10156	1.09945	1.10007	7197	0	1
2019.11.14	12:00:00	1.10007	1.10042	1.09890	1.09961	4666	0	1
2019.11.14	15:00:00	1.09959	1.10053	1.09926	1.10011	5746	0	1
2019.11.14	18:00:00	1.10012	1.10273	1.09999	1.10265	5376	0	1
2019.11.14	21:00:00	1.10266	1.10271	1.10174	1.10212	2613	0	1
2019.11.15	00:00:00	1.10212	1.10256	1.10184	1.10250	2780	0	2
2019.11.15	03:00:00	1.10250	1.10297	1.10229	1.10261	2292	0	1
2019.11.15	06:00:00	1.10261	1.10263	1.10204	1.10225	1750	0	1
2019.11.15	09:00:00	1.10225	1.10253	1.10145	1.10189	4564	0	1
2019.11.15	12:00:00	1.10189	1.10355	1.10183	1.10338	4291	0	1
2019.11.15	15:00:00	1.10337	1.10548	1.10316	1.10507	6590	0	1
2019.11.15	18:00:00	1.10507	1.10567	1.10432	1.10552	3539	0	1
2019.11.15	21:00:00	1.10552	1.10560	1.10507	1.10515	1986	0	1
2019.11.18	00:00:00	1.10510	1.10568	1.10477	1.10556	1826	0	1
2019.11.18	03:00:00	1.10555	1.10640	1.10554	1.10638	2049	0	1
2019.11.18	06:00:00	1.10638	1.10644	1.10583	1.10616	1832	0	1
2019.11.18	09:00:00	1.10615	1.10678	1.10547	1.10618	6403	0	1
2019.11.18	12:00:00	1.10617	1.10670	1.10568	1.10575	3791	0	1
2019.11.18	15:00:00	1.10576	1.10816	1.10538	1.10808	6859	0	1
2019.11.18	18:00:00	1.10807	1.10899	1.10775	1.10790	3789	0	1
2019.11.18	21:00:00	1.10791	1.10795	1.10710	1.10718	1933	0	1
2019.11.19	00:00:00	1.10718	1.10741	1.10686	1.10690	2049	0	2
2019.11.19	03:00:00	1.10690	1.10752	1.10624	1.10744	2233	0	1
2019.11.19	06:00:00	1.10744	1.10811	1.10733	1.10786	1444	0	1
2019.11.19	09:00:00	1.10786	1.10814	1.10644	1.10682	5116	0	1
2019.11.19	12:00:00	1.10682	1.10798	1.10655	1.10746	3551	0	1
2019.11.19	15:00:00	1.10746	1.10838	1.10718	1.10804	5965	0	1
2019.11.19	18:00:00	1.10804	1.10828	1.10738	1.10827	4148	0	1
2019.11.19	21:00:00	1.10827	1.10828	1.10759	1.10780	2138	0	1
2019.11.20	00:00:00	1.10777	1.10801	1.10761	1.10786	2705	0	1
2019.11.20	03:00:00	1.10786	1.10795	1.10700	1.10740	2945	0	1
2019.11.20	06:00:00	1.10740	1.10751	1.10700	1.10700	1159	0	2
2019.11.20	09:00:00	1.10700	1.10725	1.10558	1.10636	5892	0	1
2019.11.20	12:00:00	1.10636	1.10688	1.10551	1.10566	4493	0	1
2019.11.20	15:00:00	1.10567	1.10813	1.10530	1.10655	6609	0	1
2019.11.20	18:00:00	1.10655	1.10728	1.10607	1.10686	6330	0	1
2019.11.20	21:00:00	1.10685	1.10748	1.10662	1.10723	3998	0	1
2019.11.21	00:00:00	1.10723	1.10793	1.10718	1.10756	2225	0	1
2019.11.21	03:00:00	1.10756	1.10787	1.10748	1.10751	3204	0	1
2019.11.21	06:00:00	1.10751	1.10777	1.10727	1.10746	1465	0	2
2019.11.21	09:00:00	1.10746	1.10890	1.10705	1.10863	5722	0	1
2019.11.21	12:00:00	1.10863	1.10926	1.10800	1.10906	4332	0	1
2019.11.21	15:00:00	1.10906	1.10969	1.10631	1.10758	8277	0	1
2019.11.21	18:00:00	1.10758	1.10776	1.10570	1.10586	4306	0	1
2019.11.21	21:00:00	1.10586	1.10614	1.10521	1.10581	2298	0	1
2019.11.22	00:00:00	1.10580	1.10657	1.10567	1.10625	1956	0	1
2019.11.22	03:00:00	1.10625	1.10651	1.10614	1.10634	1401	0	1
2019.11.22	06:00:00	1.10633	1.10721	1.10628	1.10706	1298	0	1
2019.11.22	09:00:00	1.10699	1.10875	1.10470	1.10607	9800	0	1
2019.11.22	12:00:00	1.10607	1.10676	1.10513	1.10555	4705	0	1
2019.11.22	15:00:00	1.10556	1.10611	1.10307	1.10342	6884	0	1
2019.11.22	18:00:00	1.10342	1.10350	1.10220	1.10269	3726	0	1
2019.11.22	21:00:00	1.10269	1.10290	1.10144	1.10182	2875	0	1
2019.11.25	00:00:00	1.10151	1.10237	1.10150	1.10228	2029	0	2
2019.11.25	03:00:00	1.10228	1.10260	1.10184	1.10194	2243	0	1
2019.11.25	06:00:00	1.10194	1.10299	1.10194	1.10261	2412	0	1
2019.11.25	09:00:00	1.10261	1.10320	1.10102	1.10133	5478	0	1
2019.11.25	12:00:00	1.10133	1.10161	1.10105	1.10125	3102	0	1
2019.11.25	15:00:00	1.10125	1.10248	1.10035	1.10115	6669	0	1
2019.11.25	18:00:00	1.10115	1.10141	1.10044	1.10077	3863	0	1
2019.11.25	21:00:00	1.10077	1.10143	1.10065	1.10126	2199	0	1
2019.11.26	00:00:00	1.10129	1.10157	1.10081	1.10089	2166	0	1
2019.11.26	03:00:00	1.10089	1.10165	1.10072	1.10137	2876	0	1
2019.11.26	06:00:00	1.10137	1.10168	1.10118	1.10139	1708	0	1
2019.11.26	09:00:00	1.10137	1.10199	1.10112	1.10141	5404	0	1
2019.11.26	12:00:00	1.10141	1.10214	1.10135	1.10192	3679	0	1
2019.11.26	15:00:00	1.10193	1.10248	1.10072	1.10121	6154	0	1
2019.11.26	18:00:00	1.10121	1.10228	1.10112	1.10226	4227	0	1
2019.11.26	21:00:00	1.10226	1.10255	1.10192	1.10194	2424	0	1
2019.11.27	00:00:00	1.10194	1.10246	1.10165	1.10177	1704	0	1
2019.11.27	03:00:00	1.10177	1.10190	1.10134	1.10145	1494	0	1
2019.11.27	06:00:00	1.10145	1.10145	1.10079	1.10116	1568	0	1
2019.11.27	09:00:00	1.10116	1.10140	1.10026	1.10092	4853	0	1
2019.11.27	12:00:00	1.10092	1.10111	1.10031	1.10093	4284	0	1
2019.11.27	15:00:00	1.10092	1.10133	1.09923	1.09987	7591	0	1
2019.11.27	18:00:00	1.09986	1.10047	1.09930	1.10009	4786	0	1
2019.11.27	21:00:00	1.10009	1.10072	1.09975	1.09989	3202	0	1
2019.11.28	00:00:00	1.09987	1.10101	1.09986	1.10066	2785	0	1
2019.11.28	03:00:00	1.10066	1.10079	1.10038	1.10050	1591	0	2
2019.11.28	06:00:00	1.10050	1.10096	1.10040	1.10077	1201	0	1
2019.11.28	09:00:00	1.10077	1.10178	1.10055	1.10138	4177	0	1
2019.11.28	12:00:00	1.10138	1.10152	1.10004	1.10035	3935	0	1
2019.11.28	15:00:00	1.10034	1.10092	1.10020	1.10061	2722	0	1
2019.11.28	18:00:00	1.10061	1.10101	1.10044	1.10085	1642	0	1
2019.11.28	21:00:00	1.10085	1.10108	1.10062	1.10075	2693	0	1
2019.11.29	00:00:00	1.10071	1.10124	1.10071	1.10102	1382	0	1
2019.11.29	03:00:00	1.10103	1.10127	1.10090	1.10105	1577	0	1
2019.11.29	06:00:00	1.10105	1.10125	1.10089	1.10090	1506	0	1
2019.11.29	09:00:00	1.10091	1.10134	1.10020	1.10045	4139	0	1
2019.11.29	12:00:00	1.10045	1.10070	1.09935	1.09964	3728	0	1
2019.11.29	15:00:00	1.09964	1.10282	1.09810	1.10275	7214	0	1
2019.11.29	18:00:00	1.10278	1.10280	1.10146	1.10170	5537	0	1
2019.11.29	21:00:00	1.10170	1.10209	1.10135	1.10152	2521	0	2
2019.12.02	00:00:00	1.10241	1.10265	1.10152	1.10194	1950	0	1
2019.12.02	03:00:00	1.10194	1.10212	1.10166	1.10177	1498	0	1
2019.12.02	06:00:00	1.10177	1.10206	1.10161	1.10167	1119	0	1
2019.12.02	09:00:00	1.10167	1.10226	1.10110	1.10142	5565	0	1
2019.12.02	12:00:00	1.10142	1.10192	1.10029	1.10187	3861	0	1
2019.12.02	15:00:00	1.10189	1.10766	1.10189	1.10707	9202	0	1
2019.12.02	18:00:00	1.10707	1.10910	1.10701	1.10785	5504	0	1
2019.12.02	21:00:00	1.10785	1.10849	1.10727	1.10784	2781	0	1
2019.12.03	00:00:00	1.10782	1.10822	1.10725	1.10734	2088	0	1
2019.12.03	03:00:00	1.10734	1.10766	1.10713	1.10760	1516	0	1
2019.12.03	06:00:00	1.10760	1.10786	1.10714	1.10785	1521	0	1
2019.12.03	09:00:00	1.10785	1.10868	1.10748	1.10834	5438	0	1
2019.12.03	12:00:00	1.10834	1.10860	1.10658	1.10734	6905	0	1
2019.12.03	15:00:00	1.10734	1.10878	1.10691	1.10820	7770	0	1
2019.12.03	18:00:00	1.10821	1.10934	1.10780	1.10825	4575	0	1
2019.12.03	21:00:00	1.10825	1.10840	1.10790	1.10809	2208	0	1
2019.12.04	00:00:00	1.10809	1.10846	1.10799	1.10816	2150	0	2
2019.12.04	03:00:00	1.10816	1.10821	1.10766	1.10792	1978	0	1
2019.12.04	06:00:00	1.10792	1.10794	1.10736	1.10752	1516	0	1
2019.12.04	09:00:00	1.10754	1.10878	1.10667	1.10724	7545	0	1
2019.12.04	12:00:00	1.10724	1.10810	1.10675	1.10781	4966	0	1
2019.12.04	15:00:00	1.10781	1.11161	1.10762	1.10879	10072	0	1
2019.12.04	18:00:00	1.10879	1.10912	1.10682	1.10729	4577	0	1
2019.12.04	21:00:00	1.10729	1.10802	1.10672	1.10775	2705	0	1
2019.12.05	00:00:00	1.10772	1.10853	1.10771	1.10823	2015	0	1
2019.12.05	03:00:00	1.10823	1.10868	1.10804	1.10852	1818	0	1
2019.12.05	06:00:00	1.10852	1.10852	1.10805	1.10823	1215	0	2
2019.12.05	09:00:00	1.10821	1.10929	1.10791	1.10920	4895	0	1
2019.12.05	12:00:00	1.10920	1.11007	1.10845	1.10964	4225	0	1
2019.12.05	15:00:00	1.10965	1.11043	1.10888	1.10927	6301	0	1
2019.12.05	18:00:00	1.10927	1.11078	1.10912	1.11008	4479	0	1
2019.12.05	21:00:00	1.11008	1.11079	1.10960	1.11042	2897	0	1
2019.12.06	00:00:00	1.11042	1.11061	1.11021	1.11030	1720	0	1
2019.12.06	03:00:00	1.11030	1.11088	1.11030	1.11075	1462	0	1
2019.12.06	06:00:00	1.11074	1.11079	1.11030	1.11043	1556	0	2
2019.12.06	09:00:00	1.11043	1.11097	1.10952	1.10966	3684	0	1
2019.12.06	12:00:00	1.10966	1.11013	1.10882	1.10897	3265	0	1
2019.12.06	15:00:00	1.10897	1.10979	1.10396	1.10502	10298	0	1
2019.12.06	18:00:00	1.10503	1.10566	1.10459	1.10524	3484	0	1
2019.12.06	21:00:00	1.10524	1.10607	1.10522	1.10595	2419	0	1
2019.12.09	00:00:00	1.10574	1.10604	1.10543	1.10563	1899	0	1
2019.12.09	03:00:00	1.10563	1.10587	1.10533	1.10544	1440	0	1
2019.12.09	06:00:00	1.10544	1.10637	1.10543	1.10617	1679	0	1
2019.12.09	09:00:00	1.10613	1.10691	1.10610	1.10654	3631	0	1
2019.12.09	12:00:00	1.10654	1.10779	1.10608	1.10777	3172	0	1
2019.12.09	15:00:00	1.10777	1.10778	1.10654	1.10688	4554	0	1
2019.12.09	18:00:00	1.10690	1.10739	1.10551	1.10611	3221	0	1
2019.12.09	21:00:00	1.10611	1.10658	1.10604	1.10635	1785	0	1
2019.12.10	00:00:00	1.10635	1.10657	1.10627	1.10642	1650	0	1
2019.12.10	03:00:00	1.10642	1.10708	1.10631	1.10674	1449	0	1
2019.12.10	06:00:00	1.10674	1.10691	1.10650	1.10651	1385	0	1
2019.12.10	09:00:00	1.10650	1.10781	1.10650	1.10768	3956	0	1
2019.12.10	12:00:00	1.10768	1.10846	1.10698	1.10755	4522	0	1
2019.12.10	15:00:00	1.10755	1.10910	1.10738	1.10898	6856	0	1
2019.12.10	18:00:00	1.10898	1.10966	1.10845	1.10899	4444	0	1
2019.12.10	21:00:00	1.10899	1.10976	1.10895	1.10919	3031	0	1
2019.12.11	00:00:00	1.10914	1.10958	1.10864	1.10917	2754	0	1
2019.12.11	03:00:00	1.10917	1.10958	1.10908	1.10924	1538	0	1
2019.12.11	06:00:00	1.10924	1.10925	1.10856	1.10860	1581	0	1
2019.12.11	09:00:00	1.10860	1.10874	1.10794	1.10835	4417	0	1
2019.12.11	12:00:00	1.10835	1.10871	1.10701	1.10723	4256	0	1
2019.12.11	15:00:00	1.10724	1.10974	1.10724	1.10842	6455	0	1
2019.12.11	18:00:00	1.10842	1.11018	1.10842	1.10979	3905	0	1
2019.12.11	21:00:00	1.10979	1.11447	1.10879	1.11294	8950	0	1
2019.12.12	00:00:00	1.11294	1.11378	1.11284	1.11378	1987	0	1
2019.12.12	03:00:00	1.11378	1.11441	1.11356	1.11435	2064	0	1
2019.12.12	06:00:00	1.11435	1.11438	1.11360	1.11361	1686	0	1
2019.12.12	09:00:00	1.11362	1.11418	1.11246	1.11275	4261	0	1
2019.12.12	12:00:00	1.11275	1.11367	1.11264	1.11318	4437	0	1
2019.12.12	15:00:00	1.11318	1.11541	1.11132	1.11171	14765	0	1
2019.12.12	18:00:00	1.11172	1.11216	1.11030	1.11099	7638	0	1
2019.12.12	21:00:00	1.11099	1.11350	1.11037	1.11286	7923	0	1
2019.12.13	00:00:00	1.11294	1.11993	1.11032	1.11697	10183	0	1
2019.12.13	03:00:00	1.11697	1.11819	1.11678	1.11776	5010	0	1
2019.12.13	06:00:00	1.11776	1.11777	1.11630	1.11668	3663	0	1
2019.12.13	09:00:00	1.11668	1.11816	1.11629	1.11801	10657	0	1
2019.12.13	12:00:00	1.11801	1.11860	1.11711	1.11711	6412	0	1
2019.12.13	15:00:00	1.11711	1.11766	1.11246	1.11354	16313	0	1
2019.12.13	18:00:00	1.11353	1.11387	1.11121	1.11191	7452	0	1
2019.12.13	21:00:00	1.11191	1.11227	1.11120	1.11173	3411	0	1
2019.12.16	00:00:00	1.11259	1.11309	1.11226	1.11255	2886	0	1
2019.12.16	03:00:00	1.11255	1.11325	1.11248	1.11324	1839	0	1
2019.12.16	06:00:00	1.11324	1.11434	1.11298	1.11427	2133	0	1
2019.12.16	09:00:00	1.11426	1.11505	1.11261	1.11347	7597	0	1
2019.12.16	12:00:00	1.11347	1.11466	1.11334	1.11446	3741	0	1
2019.12.16	15:00:00	1.11446	1.11580	1.11353	1.11366	6007	0	1
2019.12.16	18:00:00	1.11366	1.11477	1.11347	1.11460	4122	0	1
2019.12.16	21:00:00	1.11460	1.11480	1.11410	1.11434	2299	0	1
2019.12.17	00:00:00	1.11435	1.11572	1.11341	1.11371	3491	0	1
2019.12.17	03:00:00	1.11371	1.11478	1.11367	1.11468	2241	0	1
2019.12.17	06:00:00	1.11468	1.11493	1.11419	1.11458	1986	0	1
2019.12.17	09:00:00	1.11458	1.11518	1.11291	1.11501	6624	0	1
2019.12.17	12:00:00	1.11499	1.11745	1.11454	1.11695	6313	0	1
2019.12.17	15:00:00	1.11696	1.11717	1.11445	1.11557	7920	0	1
2019.12.17	18:00:00	1.11557	1.11572	1.11457	1.11502	4431	0	1
2019.12.17	21:00:00	1.11502	1.11529	1.11456	1.11487	2404	0	1
2019.12.18	00:00:00	1.11483	1.11541	1.11458	1.11471	2047	0	2
2019.12.18	03:00:00	1.11471	1.11473	1.11306	1.11335	2847	0	1
2019.12.18	06:00:00	1.11335	1.11387	1.11291	1.11382	1952	0	1
2019.12.18	09:00:00	1.11382	1.11425	1.11265	1.11328	5803	0	1
2019.12.18	12:00:00	1.11326	1.11365	1.11199	1.11221	4864	0	1
2019.12.18	15:00:00	1.11221	1.11341	1.11102	1.11252	6766	0	1
2019.12.18	18:00:00	1.11256	1.11281	1.11114	1.11157	4589	0	1
2019.12.18	21:00:00	1.11157	1.11205	1.11121	1.11127	2622	0	1
2019.12.19	00:00:00	1.11126	1.11210	1.11119	1.11166	2333	0	2
2019.12.19	03:00:00	1.11166	1.11323	1.11161	1.11298	2240	0	1
2019.12.19	06:00:00	1.11298	1.11301	1.11246	1.11300	1748	0	2
2019.12.19	09:00:00	1.11300	1.11392	1.11243	1.11363	5298	0	1
2019.12.19	12:00:00	1.11363	1.11442	1.11136	1.11158	6263	0	1
2019.12.19	15:00:00	1.11159	1.11272	1.11072	1.11154	9098	0	1
2019.12.19	18:00:00	1.11152	1.11305	1.11122	1.11273	5262	0	1
2019.12.19	21:00:00	1.11273	1.11278	1.11171	1.11204	2501	0	1
2019.12.20	00:00:00	1.11201	1.11246	1.11174	1.11197	1928	0	2
2019.12.20	03:00:00	1.11197	1.11203	1.11142	1.11155	2250	0	1
2019.12.20	06:00:00	1.11155	1.11200	1.11137	1.11166	1797	0	1
2019.12.20	09:00:00	1.11165	1.11236	1.11149	1.11207	5003	0	1
2019.12.20	12:00:00	1.11206	1.11220	1.10899	1.11000	5665	0	1
2019.12.20	15:00:00	1.11001	1.11009	1.10811	1.10863	6517	0	1
2019.12.20	18:00:00	1.10862	1.10869	1.10662	1.10680	3741	0	1
2019.12.20	21:00:00	1.10680	1.10786	1.10680	1.10751	2833	0	1
2019.12.23	00:00:00	1.10750	1.10813	1.10729	1.10762	2471	0	1
2019.12.23	03:00:00	1.10762	1.10829	1.10745	1.10812	1878	0	1
2019.12.23	06:00:00	1.10812	1.10863	1.10776	1.10838	1898	0	1
2019.12.23	09:00:00	1.10839	1.10886	1.10802	1.10834	4688	0	1
2019.12.23	12:00:00	1.10832	1.10881	1.10716	1.10742	5091	0	1
2019.12.23	15:00:00	1.10742	1.10958	1.10698	1.10870	6361	0	1
2019.12.23	18:00:00	1.10870	1.10942	1.10848	1.10896	4134	0	1
2019.12.23	21:00:00	1.10895	1.10947	1.10884	1.10895	2681	0	1
2019.12.24	00:00:00	1.10895	1.10939	1.10876	1.10909	2309	0	1
2019.12.24	03:00:00	1.10909	1.10924	1.10852	1.10890	2178	0	1
2019.12.24	06:00:00	1.10890	1.10896	1.10855	1.10873	1614	0	1
2019.12.24	09:00:00	1.10873	1.10887	1.10748	1.10748	4176	0	1
2019.12.24	12:00:00	1.10749	1.10848	1.10690	1.10830	3680	0	1
2019.12.24	15:00:00	1.10830	1.10900	1.10759	1.10899	4769	0	1
2019.12.24	18:00:00	1.10899	1.10934	1.10818	1.10851	3304	0	1
2019.12.26	06:00:00	1.10900	1.10912	1.10859	1.10859	961	0	1
2019.12.26	09:00:00	1.10860	1.10963	1.10859	1.10915	1626	0	2
2019.12.26	12:00:00	1.10915	1.10927	1.10820	1.10924	1621	0	2
2019.12.26	15:00:00	1.10924	1.11001	1.10899	1.10990	2364	0	1
2019.12.26	18:00:00	1.10990	1.11088	1.10954	1.11088	1685	0	1
2019.12.26	21:00:00	1.11088	1.11088	1.10950	1.10974	2273	0	1
2019.12.27	00:00:00	1.10973	1.11048	1.10940	1.11010	3166	0	1
2019.12.27	03:00:00	1.11010	1.11200	1.10995	1.11187	4008	0	1
2019.12.27	06:00:00	1.11187	1.11221	1.11165	1.11196	2335	0	2
2019.12.27	09:00:00	1.11196	1.11416	1.11190	1.11384	6600	0	1
2019.12.27	12:00:00	1.11384	1.11553	1.11364	1.11527	5991	0	1
2019.12.27	15:00:00	1.11526	1.11792	1.11508	1.11632	6797	0	1
2019.12.27	18:00:00	1.11627	1.11844	1.11586	1.11837	4543	0	1
2019.12.27	21:00:00	1.11837	1.11882	1.11711	1.11760	3236	0	1
2019.12.30	00:00:00	1.11754	1.11879	1.11713	1.11876	2819	0	1
2019.12.30	03:00:00	1.11876	1.12107	1.11870	1.11991	3298	0	1
2019.12.30	06:00:00	1.11991	1.12052	1.11921	1.11954	2926	0	1
2019.12.30	09:00:00	1.11954	1.12057	1.11898	1.11992	6237	0	1
2019.12.30	12:00:00	1.11992	1.12025	1.11860	1.11896	5177	0	1
2019.12.30	15:00:00	1.11896	1.12079	1.11816	1.12005	8497	0	1
2019.12.30	18:00:00	1.12006	1.12206	1.12006	1.12029	4830	0	1
2019.12.30	21:00:00	1.12029	1.12044	1.11962	1.11985	2588	0	1
2019.12.31	00:00:00	1.11985	1.12050	1.11976	1.12034	1841	0	1
2019.12.31	03:00:00	1.12034	1.12145	1.11987	1.12035	2452	0	1
2019.12.31	06:00:00	1.12035	1.12069	1.12020	1.12058	1668	0	1
2019.12.31	09:00:00	1.12060	1.12173	1.12027	1.12136	4303	0	1
2019.12.31	12:00:00	1.12136	1.12328	1.12086	1.12305	5470	0	1
2019.12.31	15:00:00	1.12305	1.12392	1.12171	1.12237	8856	0	1
2019.12.31	18:00:00	1.12237	1.12311	1.12160	1.12232	6240	0	1
2019.12.31	21:00:00	1.12232	1.12235	1.12144	1.12171	1605	0	3
2020.01.02	06:00:00	1.12132	1.12143	1.12008	1.12066	2388	0	1
2020.01.02	09:00:00	1.12074	1.12140	1.12011	1.12029	5036	0	1
2020.01.02	12:00:00	1.12029	1.12037	1.11830	1.11929	5126	0	1
2020.01.02	15:00:00	1.11929	1.12023	1.11700	1.12004	8208	0	1
2020.01.02	18:00:00	1.12004	1.12030	1.11635	1.11701	6188	0	1
2020.01.02	21:00:00	1.11701	1.11733	1.11643	1.11722	3458	0	1
2020.01.03	00:00:00	1.11722	1.11760	1.11683	1.11754	1176	0	1
2020.01.03	03:00:00	1.11754	1.11784	1.11696	1.11721	3590	0	1
2020.01.03	06:00:00	1.11719	1.11748	1.11639	1.11690	2708	0	1
2020.01.03	09:00:00	1.11690	1.11714	1.11399	1.11400	7813	0	1
2020.01.03	12:00:00	1.11400	1.11434	1.11250	1.11390	6579	0	1
2020.01.03	15:00:00	1.11390	1.11673	1.11353	1.11634	8655	0	1
2020.01.03	18:00:00	1.11634	1.11797	1.11624	1.11665	5475	0	1
2020.01.03	21:00:00	1.11665	1.11680	1.11520	1.11558	3453	0	1
2020.01.06	00:00:00	1.11646	1.11682	1.11582	1.11635	3346	0	1
2020.01.06	03:00:00	1.11635	1.11709	1.11612	1.11658	2737	0	1
2020.01.06	06:00:00	1.11658	1.11662	1.11571	1.11606	2315	0	1
2020.01.06	09:00:00	1.11603	1.11936	1.11595	1.11932	6262	0	1
2020.01.06	12:00:00	1.11932	1.12054	1.11899	1.11980	5052	0	1
2020.01.06	15:00:00	1.11980	1.12032	1.11821	1.11885	6466	0	1
2020.01.06	18:00:00	1.11885	1.11978	1.11809	1.11919	4184	0	1
2020.01.06	21:00:00	1.11919	1.11989	1.11880	1.11968	2086	0	1
2020.01.07	00:00:00	1.11960	1.11975	1.11891	1.11897	1964	0	1
2020.01.07	03:00:00	1.11897	1.11971	1.11896	1.11922	1891	0	1
2020.01.07	06:00:00	1.11922	1.11934	1.11808	1.11815	2783	0	1
2020.01.07	09:00:00	1.11817	1.11896	1.11725	1.11844	6840	0	1
2020.01.07	12:00:00	1.11843	1.11860	1.11647	1.11747	6002	0	1
2020.01.07	15:00:00	1.11746	1.11779	1.11342	1.11416	9045	0	1
2020.01.07	18:00:00	1.11416	1.11495	1.11335	1.11435	4366	0	1
2020.01.07	21:00:00	1.11435	1.11536	1.11417	1.11526	3018	0	1
2020.01.08	00:00:00	1.11529	1.11681	1.11439	1.11585	6715	0	1
2020.01.08	03:00:00	1.11585	1.11631	1.11530	1.11546	6766	0	1
2020.01.08	06:00:00	1.11546	1.11557	1.11451	1.11500	3342	0	1
2020.01.08	09:00:00	1.11500	1.11548	1.11253	1.11384	8995	0	1
2020.01.08	12:00:00	1.11382	1.11385	1.11137	1.11166	6560	0	1
2020.01.08	15:00:00	1.11166	1.11308	1.11110	1.11197	7567	0	1
2020.01.08	18:00:00	1.11197	1.11258	1.11086	1.11131	7454	0	1
2020.01.08	21:00:00	1.11131	1.11147	1.11016	1.11053	3220	0	1
2020.01.09	00:00:00	1.11053	1.11157	1.11033	1.11132	2269	0	1
2020.01.09	03:00:00	1.11132	1.11193	1.11111	1.11153	2478	0	1
2020.01.09	06:00:00	1.11152	1.11189	1.11110	1.11122	2144	0	1
2020.01.09	09:00:00	1.11122	1.11203	1.10983	1.10993	6809	0	1
2020.01.09	12:00:00	1.10994	1.11166	1.10965	1.11135	5227	0	1
2020.01.09	15:00:00	1.11135	1.11173	1.10923	1.11022	6576	0	1
2020.01.09	18:00:00	1.11023	1.11112	1.10935	1.11050	4516	0	1
2020.01.09	21:00:00	1.11050	1.11097	1.11033	1.11051	2005	0	1
2020.01.10	00:00:00	1.11051	1.11093	1.11017	1.11070	1797	0	1
2020.01.10	03:00:00	1.11070	1.11086	1.11021	1.11081	1715	0	1
2020.01.10	06:00:00	1.11081	1.11110	1.11064	1.11091	1435	0	1
2020.01.10	09:00:00	1.11091	1.11110	1.10912	1.10964	4765	0	1
2020.01.10	12:00:00	1.10963	1.10994	1.10850	1.10983	3997	0	1
2020.01.10	15:00:00	1.10983	1.11178	1.10861	1.11128	10346	0	1
2020.01.10	18:00:00	1.11128	1.11291	1.11110	1.11185	4142	0	1
2020.01.10	21:00:00	1.11185	1.11231	1.11172	1.11212	1984	0	1
2020.01.13	00:00:00	1.11162	1.11209	1.11128	1.11187	1413	0	1
2020.01.13	03:00:00	1.11187	1.11298	1.11171	1.11291	1568	0	1
2020.01.13	06:00:00	1.11291	1.11317	1.11250	1.11288	1498	0	1
2020.01.13	09:00:00	1.11288	1.11359	1.11147	1.11150	5326	0	1
2020.01.13	12:00:00	1.11150	1.11261	1.11127	1.11245	4105	0	1
2020.01.13	15:00:00	1.11245	1.11381	1.11175	1.11331	6201	0	1
2020.01.13	18:00:00	1.11331	1.11469	1.11325	1.11396	3929	0	1
2020.01.13	21:00:00	1.11396	1.11413	1.11330	1.11338	1892	0	1
2020.01.14	00:00:00	1.11338	1.11421	1.11320	1.11383	1982	0	1
2020.01.14	03:00:00	1.11383	1.11409	1.11312	1.11355	2736	0	1
2020.01.14	06:00:00	1.11355	1.11444	1.11347	1.11444	1839	0	1
2020.01.14	09:00:00	1.11444	1.11444	1.11303	1.11313	5200	0	1
2020.01.14	12:00:00	1.11312	1.11353	1.11194	1.11206	4802	0	1
2020.01.14	15:00:00	1.11206	1.11233	1.11042	1.11220	8704	0	1
2020.01.14	18:00:00	1.11220	1.11347	1.11201	1.11314	4137	0	1
2020.01.14	21:00:00	1.11313	1.11329	1.11247	1.11274	2362	0	1
2020.01.15	00:00:00	1.11284	1.11308	1.11250	1.11295	2024	0	1
2020.01.15	03:00:00	1.11295	1.11311	1.11270	1.11302	1825	0	2
2020.01.15	06:00:00	1.11302	1.11364	1.11295	1.11354	1562	0	1
2020.01.15	09:00:00	1.11354	1.11367	1.11185	1.11283	4472	0	1
2020.01.15	12:00:00	1.11283	1.11549	1.11250	1.11407	4996	0	1
2020.01.15	15:00:00	1.11413	1.11633	1.11400	1.11521	7423	0	1
2020.01.15	18:00:00	1.11522	1.11614	1.11496	1.11515	4185	0	1
2020.01.15	21:00:00	1.11515	1.11539	1.11480	1.11495	2615	0	1
2020.01.16	00:00:00	1.11492	1.11580	1.11481	1.11548	2675	0	1
2020.01.16	03:00:00	1.11548	1.11554	1.11507	1.11527	1572	0	1
2020.01.16	06:00:00	1.11527	1.11534	1.11446	1.11503	1533	0	1
2020.01.16	09:00:00	1.11503	1.11636	1.11450	1.11533	4987	0	1
2020.01.16	12:00:00	1.11533	1.11726	1.11525	1.11647	4291	0	1
2020.01.16	15:00:00	1.11647	1.11697	1.11310	1.11407	8866	0	1
2020.01.16	18:00:00	1.11407	1.11424	1.11278	1.11347	4340	0	1
2020.01.16	21:00:00	1.11347	1.11380	1.11326	1.11358	2189	0	1
2020.01.17	00:00:00	1.11352	1.11392	1.11334	1.11375	1708	0	1
2020.01.17	03:00:00	1.11375	1.11425	1.11309	1.11310	2096	0	1
2020.01.17	06:00:00	1.11310	1.11402	1.11307	1.11395	1461	0	1
2020.01.17	09:00:00	1.11395	1.11411	1.11247	1.11276	4971	0	1
2020.01.17	12:00:00	1.11276	1.11282	1.11059	1.11097	4825	0	1
2020.01.17	15:00:00	1.11097	1.11118	1.10862	1.10937	7818	0	1
2020.01.17	18:00:00	1.10937	1.10961	1.10878	1.10924	3522	0	1
2020.01.17	21:00:00	1.10924	1.10946	1.10890	1.10893	1688	0	1
2020.01.20	00:00:00	1.10920	1.10985	1.10888	1.10929	1925	0	1
2020.01.20	03:00:00	1.10929	1.10989	1.10924	1.10958	1339	0	1
2020.01.20	06:00:00	1.10958	1.11010	1.10940	1.11004	1571	0	1
2020.01.20	09:00:00	1.11004	1.11024	1.10820	1.10894	4294	0	1
2020.01.20	12:00:00	1.10895	1.10904	1.10828	1.10838	2357	0	1
2020.01.20	15:00:00	1.10838	1.10854	1.10766	1.10826	3118	0	1
2020.01.20	18:00:00	1.10826	1.10904	1.10811	1.10891	1773	0	1
2020.01.20	21:00:00	1.10891	1.10976	1.10872	1.10944	2175	0	1
2020.01.21	00:00:00	1.10934	1.10977	1.10910	1.10923	1442	0	1
2020.01.21	03:00:00	1.10923	1.10985	1.10888	1.10972	2710	0	1
2020.01.21	06:00:00	1.10972	1.10993	1.10936	1.10941	1646	0	1
2020.01.21	09:00:00	1.10941	1.10967	1.10855	1.10906	5486	0	1
2020.01.21	12:00:00	1.10906	1.11100	1.10900	1.11079	5144	0	1
2020.01.21	15:00:00	1.11081	1.11180	1.10886	1.10976	6270	0	1
2020.01.21	18:00:00	1.10976	1.10997	1.10894	1.10923	3728	0	1
2020.01.21	21:00:00	1.10923	1.10952	1.10809	1.10819	2625	0	1
2020.01.22	00:00:00	1.10816	1.10868	1.10812	1.10826	2208	0	1
2020.01.22	03:00:00	1.10826	1.10838	1.10772	1.10814	2205	0	1
2020.01.22	06:00:00	1.10814	1.10861	1.10806	1.10827	1422	0	1
2020.01.22	09:00:00	1.10828	1.10926	1.10748	1.10907	4875	0	1
2020.01.22	12:00:00	1.10907	1.10947	1.10770	1.10835	4904	0	1
2020.01.22	15:00:00	1.10835	1.10983	1.10701	1.10753	7628	0	1
2020.01.22	18:00:00	1.10752	1.10912	1.10747	1.10869	4344	0	1
2020.01.22	21:00:00	1.10869	1.10951	1.10864	1.10920	2684	0	1
2020.01.23	00:00:00	1.10920	1.10994	1.10796	1.10872	2178	0	1
2020.01.23	03:00:00	1.10872	1.10913	1.10823	1.10828	2237	0	1
2020.01.23	06:00:00	1.10828	1.10856	1.10809	1.10850	1973	0	1
2020.01.23	09:00:00	1.10850	1.10921	1.10790	1.10842	4809	0	1
2020.01.23	12:00:00	1.10842	1.10947	1.10821	1.10844	3975	0	1
2020.01.23	15:00:00	1.10844	1.11087	1.10401	1.10461	13868	0	1
2020.01.23	18:00:00	1.10461	1.10536	1.10363	1.10495	5651	0	1
2020.01.23	21:00:00	1.10495	1.10588	1.10481	1.10542	2886	0	1
2020.01.24	00:00:00	1.10542	1.10582	1.10506	1.10527	1948	0	1
2020.01.24	03:00:00	1.10527	1.10552	1.10496	1.10503	1486	0	1
2020.01.24	06:00:00	1.10503	1.10516	1.10447	1.10504	1503	0	1
2020.01.24	09:00:00	1.10504	1.10617	1.10334	1.10358	7536	0	1
2020.01.24	12:00:00	1.10358	1.10396	1.10261	1.10277	4279	0	1
2020.01.24	15:00:00	1.10277	1.10397	1.10231	1.10247	8110	0	1
2020.01.24	18:00:00	1.10247	1.10297	1.10196	1.10279	4867	0	1
2020.01.24	21:00:00	1.10279	1.10328	1.10238	1.10255	3121	0	1
2020.01.27	00:00:00	1.10295	1.10346	1.10244	1.10320	5377	0	1
2020.01.27	03:00:00	1.10322	1.10356	1.10274	1.10280	1862	0	1
2020.01.27	06:00:00	1.10280	1.10316	1.10261	1.10277	1313	0	1
2020.01.27	09:00:00	1.10277	1.10375	1.10150	1.10209	6814	0	1
2020.01.27	12:00:00	1.10209	1.10290	1.10183	1.10230	4531	0	1
2020.01.27	15:00:00	1.10230	1.10320	1.10112	1.10125	7841	0	1
2020.01.27	18:00:00	1.10124	1.10219	1.10096	1.10140	3617	0	1
2020.01.27	21:00:00	1.10140	1.10202	1.10137	1.10184	2422	0	1
2020.01.28	00:00:00	1.10185	1.10203	1.10157	1.10191	1712	0	1
2020.01.28	03:00:00	1.10191	1.10251	1.10177	1.10212	1589	0	1
2020.01.28	06:00:00	1.10213	1.10233	1.10181	1.10192	1566	0	2
2020.01.28	09:00:00	1.10193	1.10234	1.10126	1.10167	5796	0	1
2020.01.28	12:00:00	1.10167	1.10224	1.10022	1.10065	4687	0	1
2020.01.28	15:00:00	1.10066	1.10095	1.09977	1.10000	6824	0	1
2020.01.28	18:00:00	1.10001	1.10142	1.09993	1.10122	3823	0	1
2020.01.28	21:00:00	1.10122	1.10226	1.10111	1.10220	2334	0	1
2020.01.29	00:00:00	1.10219	1.10277	1.10187	1.10226	2037	0	1
2020.01.29	03:00:00	1.10226	1.10227	1.10127	1.10139	1804	0	1
2020.01.29	06:00:00	1.10139	1.10164	1.10112	1.10147	1169	0	1
2020.01.29	09:00:00	1.10147	1.10149	1.09945	1.10021	4908	0	1
2020.01.29	12:00:00	1.10021	1.10041	1.09970	1.09976	3188	0	1
2020.01.29	15:00:00	1.09978	1.10097	1.09922	1.09989	6658	0	1
2020.01.29	18:00:00	1.09988	1.10060	1.09965	1.10014	3434	0	1
2020.01.29	21:00:00	1.10014	1.10208	1.09984	1.10099	4845	0	1
2020.01.30	00:00:00	1.10098	1.10180	1.10075	1.10129	2183	0	1
2020.01.30	03:00:00	1.10129	1.10156	1.10109	1.10150	1667	0	1
2020.01.30	06:00:00	1.10151	1.10171	1.10095	1.10097	1498	0	1
2020.01.30	09:00:00	1.10097	1.10211	1.10068	1.10188	5165	0	1
2020.01.30	12:00:00	1.10189	1.10271	1.10114	1.10227	4892	0	1
2020.01.30	15:00:00	1.10227	1.10362	1.10150	1.10354	9108	0	1
2020.01.30	18:00:00	1.10354	1.10384	1.10258	1.10343	4659	0	1
2020.01.30	21:00:00	1.10343	1.10393	1.10285	1.10312	5243	0	1
2020.01.31	00:00:00	1.10313	1.10353	1.10276	1.10319	1853	0	1
2020.01.31	03:00:00	1.10319	1.10335	1.10241	1.10243	2195	0	1
2020.01.31	06:00:00	1.10243	1.10258	1.10185	1.10202	1474	0	1
2020.01.31	09:00:00	1.10202	1.10341	1.10168	1.10283	4913	0	1
2020.01.31	12:00:00	1.10284	1.10493	1.10226	1.10474	5891	0	1
2020.01.31	15:00:00	1.10474	1.10835	1.10466	1.10805	8948	0	1
2020.01.31	18:00:00	1.10805	1.10903	1.10747	1.10801	7731	0	1
2020.01.31	21:00:00	1.10801	1.10951	1.10795	1.10943	4944	0	1
2020.02.03	00:00:00	1.10907	1.10927	1.10799	1.10815	3269	0	1
2020.02.03	03:00:00	1.10815	1.10876	1.10802	1.10810	3389	0	1
2020.02.03	06:00:00	1.10810	1.10862	1.10810	1.10821	1445	0	2
2020.02.03	09:00:00	1.10823	1.10846	1.10590	1.10727	6538	0	1
2020.02.03	12:00:00	1.10726	1.10741	1.10583	1.10658	5181	0	1
2020.02.03	15:00:00	1.10658	1.10667	1.10349	1.10556	7685	0	1
2020.02.03	18:00:00	1.10556	1.10663	1.10537	1.10612	5262	0	1
2020.02.03	21:00:00	1.10613	1.10653	1.10570	1.10593	2495	0	1
2020.02.04	00:00:00	1.10590	1.10630	1.10571	1.10607	1566	0	1
2020.02.04	03:00:00	1.10607	1.10642	1.10555	1.10578	2474	0	1
2020.02.04	06:00:00	1.10579	1.10636	1.10573	1.10589	2266	0	1
2020.02.04	09:00:00	1.10589	1.10609	1.10487	1.10557	7309	0	1
2020.02.04	12:00:00	1.10557	1.10579	1.10430	1.10439	4589	0	1
2020.02.04	15:00:00	1.10439	1.10507	1.10330	1.10383	7264	0	1
2020.02.04	18:00:00	1.10383	1.10452	1.10327	1.10409	4643	0	1
2020.02.04	21:00:00	1.10409	1.10457	1.10402	1.10434	2332	0	1
2020.02.05	00:00:00	1.10436	1.10459	1.10411	1.10432	1993	0	1
2020.02.05	03:00:00	1.10432	1.10436	1.10335	1.10341	2228	0	1
2020.02.05	06:00:00	1.10341	1.10382	1.10336	1.10357	1466	0	2
2020.02.05	09:00:00	1.10359	1.10478	1.10214	1.10258	7574	0	1
2020.02.05	12:00:00	1.10258	1.10297	1.10145	1.10223	5325	0	1
2020.02.05	15:00:00	1.10223	1.10232	1.09963	1.10020	9221	0	1
2020.02.05	18:00:00	1.10020	1.10068	1.09987	1.10022	3709	0	1
2020.02.05	21:00:00	1.10022	1.10025	1.09935	1.09989	2060	0	1
2020.02.06	00:00:00	1.09989	1.10005	1.09959	1.09963	1303	0	1
2020.02.06	03:00:00	1.09963	1.10000	1.09943	1.09971	1570	0	1
2020.02.06	06:00:00	1.09971	1.10019	1.09940	1.10000	2087	0	1
2020.02.06	09:00:00	1.10000	1.10138	1.09938	1.09989	6161	0	1
2020.02.06	12:00:00	1.09989	1.10056	1.09954	1.10024	3360	0	1
2020.02.06	15:00:00	1.10024	1.10042	1.09643	1.09765	7030	0	1
2020.02.06	18:00:00	1.09765	1.09834	1.09717	1.09730	5062	0	1
2020.02.06	21:00:00	1.09730	1.09828	1.09706	1.09827	2441	0	1
2020.02.07	00:00:00	1.09827	1.09830	1.09770	1.09815	1303	0	1
2020.02.07	03:00:00	1.09815	1.09849	1.09801	1.09831	4141	0	1
2020.02.07	06:00:00	1.09831	1.09833	1.09772	1.09776	3209	0	1
2020.02.07	09:00:00	1.09776	1.09783	1.09533	1.09543	7240	0	1
2020.02.07	12:00:00	1.09542	1.09646	1.09477	1.09646	4430	0	1
2020.02.07	15:00:00	1.09645	1.09763	1.09486	1.09632	11397	0	1
2020.02.07	18:00:00	1.09632	1.09652	1.09418	1.09437	4519	0	1
2020.02.07	21:00:00	1.09437	1.09488	1.09424	1.09430	2255	0	1
2020.02.10	00:00:00	1.09424	1.09529	1.09422	1.09526	2374	0	1
2020.02.10	03:00:00	1.09522	1.09540	1.09493	1.09522	2301	0	1
2020.02.10	06:00:00	1.09522	1.09574	1.09512	1.09512	1585	0	1
2020.02.10	09:00:00	1.09512	1.09536	1.09446	1.09496	4764	0	1
2020.02.10	12:00:00	1.09497	1.09549	1.09452	1.09493	4124	0	1
2020.02.10	15:00:00	1.09493	1.09527	1.09193	1.09240	7117	0	1
2020.02.10	18:00:00	1.09239	1.09239	1.09090	1.09136	3803	0	1
2020.02.10	21:00:00	1.09136	1.09162	1.09076	1.09105	2143	0	1
2020.02.11	00:00:00	1.09105	1.09137	1.09079	1.09100	1987	0	1
2020.02.11	03:00:00	1.09100	1.09171	1.09096	1.09135	1940	0	1
2020.02.11	06:00:00	1.09135	1.09138	1.09076	1.09109	1909	0	1
2020.02.11	09:00:00	1.09115	1.09157	1.09056	1.09136	4878	0	1
2020.02.11	12:00:00	1.09136	1.09206	1.09070	1.09090	3873	0	1
2020.02.11	15:00:00	1.09091	1.09247	1.08912	1.09160	9385	0	1
2020.02.11	18:00:00	1.09160	1.09244	1.09129	1.09190	4822	0	1
2020.02.11	21:00:00	1.09190	1.09232	1.09141	1.09145	2183	0	1
2020.02.12	00:00:00	1.09146	1.09205	1.09118	1.09130	1821	0	1
2020.02.12	03:00:00	1.09130	1.09197	1.09129	1.09152	2155	0	1
2020.02.12	06:00:00	1.09152	1.09159	1.09050	1.09057	1538	0	1
2020.02.12	09:00:00	1.09057	1.09255	1.09022	1.09202	6024	0	1
2020.02.12	12:00:00	1.09202	1.09217	1.09096	1.09122	4008	0	1
2020.02.12	15:00:00	1.09122	1.09137	1.08861	1.08942	7192	0	1
2020.02.12	18:00:00	1.08942	1.08975	1.08758	1.08764	5007	0	1
2020.02.12	21:00:00	1.08764	1.08775	1.08651	1.08728	3318	0	1
2020.02.13	00:00:00	1.08716	1.08763	1.08694	1.08725	3169	0	1
2020.02.13	03:00:00	1.08723	1.08748	1.08677	1.08700	2114	0	2
2020.02.13	06:00:00	1.08700	1.08731	1.08652	1.08714	1896	0	2
2020.02.13	09:00:00	1.08714	1.08887	1.08707	1.08828	4918	0	1
2020.02.13	12:00:00	1.08828	1.08876	1.08531	1.08637	6496	0	1
2020.02.13	15:00:00	1.08637	1.08691	1.08339	1.08484	8803	0	1
2020.02.13	18:00:00	1.08488	1.08541	1.08388	1.08419	4502	0	1
2020.02.13	21:00:00	1.08419	1.08454	1.08379	1.08408	2515	0	1
2020.02.14	00:00:00	1.08408	1.08419	1.08272	1.08380	2499	0	1
2020.02.14	03:00:00	1.08380	1.08384	1.08308	1.08310	2142	0	1
2020.02.14	06:00:00	1.08310	1.08389	1.08308	1.08354	1758	0	1
2020.02.14	09:00:00	1.08355	1.08501	1.08322	1.08448	4546	0	1
2020.02.14	12:00:00	1.08448	1.08492	1.08324	1.08399	4315	0	1
2020.02.14	15:00:00	1.08397	1.08612	1.08358	1.08457	7487	0	1
2020.02.14	18:00:00	1.08459	1.08467	1.08328	1.08436	3989	0	1
2020.02.14	21:00:00	1.08436	1.08456	1.08291	1.08301	2462	0	1
2020.02.17	00:00:00	1.08397	1.08416	1.08351	1.08358	2529	0	2
2020.02.17	03:00:00	1.08358	1.08402	1.08335	1.08385	1763	0	1
2020.02.17	06:00:00	1.08385	1.08415	1.08339	1.08350	1670	0	2
2020.02.17	09:00:00	1.08351	1.08509	1.08351	1.08440	3836	0	1
2020.02.17	12:00:00	1.08440	1.08480	1.08352	1.08363	3412	0	1
2020.02.17	15:00:00	1.08363	1.08412	1.08292	1.08296	3423	0	1
2020.02.17	18:00:00	1.08296	1.08399	1.08291	1.08327	2237	0	1
2020.02.17	21:00:00	1.08327	1.08371	1.08309	1.08346	2142	0	2
2020.02.18	00:00:00	1.08345	1.08372	1.08249	1.08259	2638	0	2
2020.02.18	03:00:00	1.08259	1.08338	1.08228	1.08324	2440	0	1
2020.02.18	06:00:00	1.08324	1.08366	1.08283	1.08297	1588	0	1
2020.02.18	09:00:00	1.08296	1.08372	1.08245	1.08275	5705	0	1
2020.02.18	12:00:00	1.08274	1.08368	1.08124	1.08140	6499	0	1
2020.02.18	15:00:00	1.08140	1.08258	1.07852	1.08229	8870	0	1
2020.02.18	18:00:00	1.08228	1.08241	1.07995	1.08000	4363	0	1
2020.02.18	21:00:00	1.08000	1.08019	1.07896	1.07907	2464	0	1
2020.02.19	00:00:00	1.07906	1.07993	1.07896	1.07980	2195	0	1
2020.02.19	03:00:00	1.07980	1.08036	1.07972	1.07989	1874	0	1
2020.02.19	06:00:00	1.07989	1.07991	1.07913	1.07980	1448	0	1
2020.02.19	09:00:00	1.07977	1.08079	1.07963	1.08031	5068	0	1
2020.02.19	12:00:00	1.08030	1.08059	1.07845	1.08008	4923	0	1
2020.02.19	15:00:00	1.08008	1.08011	1.07821	1.07912	7871	0	1
2020.02.19	18:00:00	1.07912	1.07988	1.07860	1.07984	5316	0	1
2020.02.19	21:00:00	1.07978	1.08117	1.07925	1.08039	4620	0	1
2020.02.20	00:00:00	1.08033	1.08152	1.08029	1.08111	2734	0	1
2020.02.20	03:00:00	1.08111	1.08132	1.07916	1.07970	4017	0	1
2020.02.20	06:00:00	1.07970	1.07990	1.07870	1.07882	2037	0	1
2020.02.20	09:00:00	1.07881	1.08061	1.07775	1.07999	6608	0	1
2020.02.20	12:00:00	1.07999	1.08017	1.07857	1.07882	6216	0	1
2020.02.20	15:00:00	1.07880	1.08211	1.07877	1.08022	8580	0	1
2020.02.20	18:00:00	1.08021	1.08076	1.07828	1.07936	7401	0	1
2020.02.20	21:00:00	1.07936	1.07947	1.07828	1.07838	3391	0	1
2020.02.21	00:00:00	1.07841	1.07916	1.07835	1.07901	2368	0	1
2020.02.21	03:00:00	1.07901	1.07936	1.07875	1.07902	2792	0	1
2020.02.21	06:00:00	1.07902	1.07948	1.07892	1.07902	1826	0	1
2020.02.21	09:00:00	1.07902	1.08200	1.07897	1.08097	8994	0	1
2020.02.21	12:00:00	1.08099	1.08106	1.07952	1.07965	5557	0	1
2020.02.21	15:00:00	1.07965	1.08634	1.07965	1.08526	10670	0	1
2020.02.21	18:00:00	1.08525	1.08634	1.08485	1.08562	5478	0	1
2020.02.21	21:00:00	1.08563	1.08581	1.08464	1.08474	2769	0	1
2020.02.24	00:00:00	1.08250	1.08423	1.08106	1.08312	5534	0	1
2020.02.24	03:00:00	1.08312	1.08321	1.08216	1.08221	3434	0	1
2020.02.24	06:00:00	1.08221	1.08225	1.08147	1.08162	2359	0	1
2020.02.24	09:00:00	1.08165	1.08418	1.08049	1.08155	10309	0	1
2020.02.24	12:00:00	1.08157	1.08281	1.08129	1.08182	7118	0	1
2020.02.24	15:00:00	1.08183	1.08605	1.08130	1.08557	11541	0	1
2020.02.24	18:00:00	1.08557	1.08720	1.08457	1.08638	8428	0	1
2020.02.24	21:00:00	1.08638	1.08639	1.08410	1.08520	6120	0	1
2020.02.25	00:00:00	1.08519	1.08554	1.08481	1.08518	4127	0	1
2020.02.25	03:00:00	1.08518	1.08675	1.08448	1.08627	4552	0	1
2020.02.25	06:00:00	1.08627	1.08629	1.08492	1.08517	3631	0	1
2020.02.25	09:00:00	1.08517	1.08659	1.08475	1.08505	9865	0	1
2020.02.25	12:00:00	1.08505	1.08505	1.08300	1.08361	7315	0	1
2020.02.25	15:00:00	1.08361	1.08666	1.08319	1.08653	12164	0	1
2020.02.25	18:00:00	1.08650	1.08827	1.08623	1.08768	10779	0	1
2020.02.25	21:00:00	1.08768	1.08901	1.08732	1.08806	8205	0	1
2020.02.26	00:00:00	1.08806	1.08828	1.08672	1.08696	3105	0	1
2020.02.26	03:00:00	1.08696	1.08746	1.08624	1.08665	5069	0	1
2020.02.26	06:00:00	1.08665	1.08784	1.08656	1.08744	4354	0	1
2020.02.26	09:00:00	1.08744	1.08976	1.08653	1.08890	10305	0	1
2020.02.26	12:00:00	1.08890	1.09087	1.08687	1.08693	10050	0	1
2020.02.26	15:00:00	1.08692	1.08755	1.08549	1.08666	12445	0	1
2020.02.26	18:00:00	1.08665	1.08937	1.08640	1.08814	9254	0	1
2020.02.26	21:00:00	1.08815	1.08999	1.08765	1.08807	6063	0	1
2020.02.27	00:00:00	1.08812	1.09130	1.08771	1.08980	4634	0	1
2020.02.27	03:00:00	1.08980	1.09144	1.08953	1.09053	4973	0	1
2020.02.27	06:00:00	1.09053	1.09177	1.09031	1.09110	4533	0	1
2020.02.27	09:00:00	1.09110	1.09478	1.09083	1.09353	11332	0	1
2020.02.27	12:00:00	1.09353	1.09675	1.09326	1.09644	10773	0	1
2020.02.27	15:00:00	1.09644	1.10066	1.09592	1.09840	18611	0	1
2020.02.27	18:00:00	1.09840	1.09947	1.09646	1.09887	13639	0	1
2020.02.27	21:00:00	1.09891	1.10034	1.09806	1.09998	7743	0	1
2020.02.28	00:00:00	1.09998	1.10051	1.09948	1.09964	4620	0	1
2020.02.28	03:00:00	1.09964	1.09967	1.09822	1.09868	6703	0	1
2020.02.28	06:00:00	1.09868	1.10080	1.09856	1.10010	7166	0	1
2020.02.28	09:00:00	1.10009	1.10531	1.09913	1.10444	15876	0	1
2020.02.28	12:00:00	1.10444	1.10447	1.09851	1.09871	13978	0	1
2020.02.28	15:00:00	1.09870	1.09930	1.09508	1.09843	19915	0	1
2020.02.28	18:00:00	1.09842	1.10087	1.09788	1.10004	17052	0	1
2020.02.28	21:00:00	1.10004	1.10460	1.09907	1.10293	12288	0	1
2020.03.02	00:00:00	1.10407	1.10738	1.10362	1.10635	5959	0	1
2020.03.02	03:00:00	1.10634	1.10647	1.10516	1.10524	7756	0	1
2020.03.02	06:00:00	1.10524	1.10586	1.10382	1.10418	5896	0	1
2020.03.02	09:00:00	1.10418	1.10932	1.10395	1.10795	14930	0	1
2020.03.02	12:00:00	1.10795	1.11279	1.10775	1.11122	12912	0	1
2020.03.02	15:00:00	1.11122	1.11642	1.11079	1.11309	18792	0	1
2020.03.02	18:00:00	1.11309	1.11845	1.11245	1.11636	12830	0	1
2020.03.02	21:00:00	1.11636	1.11665	1.11235	1.11332	7049	0	1
2020.03.03	00:00:00	1.11314	1.11382	1.11269	1.11369	606	0	1
